chunk_id,source,category,text,question,answer,keywords,wilaya,job_title
CHK_00000,faq,registration,"Question: Comment s'inscrire à l'ANEM à Skikda ? Answer: Pour s'inscrire à l'ANEM à Skikda, rendez-vous à l'agence locale avec: votre CIN, justificatif de domicile, diplôme (DUT), CV, et photo. L'inscription est gratuite.",Comment s'inscrire à l'ANEM à Skikda ?,"Pour s'inscrire à l'ANEM à Skikda, rendez-vous à l'agence locale avec: votre CIN, justificatif de domicile, diplôme (DUT), CV, et photo. L'inscription est gratuite.","['Skikda', 'network engineer', 'content creation (e.g., writing, editing, graphic design, video production) content marketing social media management seo optimization creative storytelling audience engagement analytics and reporting adaptability communication skills creativity', 'registration']",Skikda,network engineer
CHK_00001,faq,registration,"Question: Quels documents fournir si j'ai un DUT pour m'inscrire à l'ANEM ? Answer: Avec un DUT, vous devez fournir: attestation de réussite originale, copie CIN, justificatif de domicile, CV, et photo d'identité.",Quels documents fournir si j'ai un DUT pour m'inscrire à l'ANEM ?,"Avec un DUT, vous devez fournir: attestation de réussite originale, copie CIN, justificatif de domicile, CV, et photo d'identité.","['Skikda', 'market research analyst', 'event planning conference logistics budget management vendor coordination marketing and promotion client relations', 'registration']",Skikda,market research analyst
CHK_00002,faq,registration,"Question: Puis-je m'inscrire à l'ANEM si je suis licencié économique ? Answer: Oui, les personnes avec le statut 'licencié économique' peuvent s'inscrire à l'ANEM. Apportez un justificatif de votre situation actuelle.",Puis-je m'inscrire à l'ANEM si je suis licencié économique ?,"Oui, les personnes avec le statut 'licencié économique' peuvent s'inscrire à l'ANEM. Apportez un justificatif de votre situation actuelle.","['Oran', 'mechanical engineer', 'acute care nursing emergency medicine critical care diagnostic tests treatment planning', 'registration']",Oran,mechanical engineer
CHK_00003,faq,registration,"Question: L'ANEM de Constantine est-elle ouverte le vendredi ? Answer: Les agences ANEM sont ouvertes du dimanche au jeudi de 8h à 16h30. Fermées les vendredis, samedis et jours fériés.",L'ANEM de Constantine est-elle ouverte le vendredi ?,"Les agences ANEM sont ouvertes du dimanche au jeudi de 8h à 16h30. Fermées les vendredis, samedis et jours fériés.","['Constantine', 'family lawyer', 'front-end web development html, css, javascript responsive design web performance optimization cross-browser compatibility', 'registration']",Constantine,family lawyer
CHK_00004,faq,registration,Question: Combien de temps prend l'inscription à l'ANEM à Tamanrasset ? Answer: L'inscription à l'ANEM de Tamanrasset prend entre 30 minutes et 2 heures.,Combien de temps prend l'inscription à l'ANEM à Tamanrasset ?,L'inscription à l'ANEM de Tamanrasset prend entre 30 minutes et 2 heures.,"['Tamanrasset', 'event coordinator', 'nursing care patient assessment medical knowledge', 'registration']",Tamanrasset,event coordinator
CHK_00005,faq,registration,"Question: Comment s'inscrire à l'ANEM à Annaba ? Answer: Pour s'inscrire à l'ANEM à Annaba, rendez-vous à l'agence locale avec: votre CIN, justificatif de domicile, diplôme (master), CV, et photo. L'inscription est gratuite.",Comment s'inscrire à l'ANEM à Annaba ?,"Pour s'inscrire à l'ANEM à Annaba, rendez-vous à l'agence locale avec: votre CIN, justificatif de domicile, diplôme (master), CV, et photo. L'inscription est gratuite.","['Annaba', 'legal assistant', 'counseling techniques psychotherapy mental health assessment treatment planning crisis intervention ethical standards empathy and active listening cultural competence documentation communication skills self-care licensing and certification', 'registration']",Annaba,legal assistant
CHK_00006,faq,registration,"Question: Quels documents fournir si j'ai un doctorat pour m'inscrire à l'ANEM ? Answer: Avec un doctorat, vous devez fournir: attestation de réussite originale, copie CIN, justificatif de domicile, CV, et photo d'identité.",Quels documents fournir si j'ai un doctorat pour m'inscrire à l'ANEM ?,"Avec un doctorat, vous devez fournir: attestation de réussite originale, copie CIN, justificatif de domicile, CV, et photo d'identité.","['Skikda', 'key account manager', 'sales leadership team management sales strategy and planning', 'registration']",Skikda,key account manager
CHK_00007,faq,registration,"Question: Puis-je m'inscrire à l'ANEM si je suis étudiant diplômé ? Answer: Oui, les personnes avec le statut 'étudiant diplômé' peuvent s'inscrire à l'ANEM. Apportez un justificatif de votre situation actuelle.",Puis-je m'inscrire à l'ANEM si je suis étudiant diplômé ?,"Oui, les personnes avec le statut 'étudiant diplômé' peuvent s'inscrire à l'ANEM. Apportez un justificatif de votre situation actuelle.","['Tamanrasset', 'systems analyst', 'procurement strategies supplier management negotiation cost analysis supply chain management', 'registration']",Tamanrasset,systems analyst
CHK_00008,faq,registration,"Question: L'ANEM de El Oued est-elle ouverte le vendredi ? Answer: Les agences ANEM sont ouvertes du dimanche au jeudi de 8h à 16h30. Fermées les vendredis, samedis et jours fériés.",L'ANEM de El Oued est-elle ouverte le vendredi ?,"Les agences ANEM sont ouvertes du dimanche au jeudi de 8h à 16h30. Fermées les vendredis, samedis et jours fériés.","['El Oued', 'ux researcher', 'quality assurance processes testing methodologies (e.g., manual, automated) bug tracking and reporting test case development regression testing', 'registration']",El Oued,ux researcher
CHK_00009,faq,registration,Question: Combien de temps prend l'inscription à l'ANEM à Sétif ? Answer: L'inscription à l'ANEM de Sétif prend entre 30 minutes et 2 heures.,Combien de temps prend l'inscription à l'ANEM à Sétif ?,L'inscription à l'ANEM de Sétif prend entre 30 minutes et 2 heures.,"['Sétif', 'process engineer', 'counseling techniques psychotherapy mental health assessment treatment planning crisis intervention ethical standards empathy and active listening cultural competence documentation communication skills self-care licensing and certification', 'registration']",Sétif,process engineer
CHK_00010,faq,registration,"Question: L'ANEM de Annaba est-elle ouverte le vendredi ? Answer: Les agences ANEM sont ouvertes du dimanche au jeudi de 8h à 16h30. Fermées les vendredis, samedis et jours fériés.",L'ANEM de Annaba est-elle ouverte le vendredi ?,"Les agences ANEM sont ouvertes du dimanche au jeudi de 8h à 16h30. Fermées les vendredis, samedis et jours fériés.","['Annaba', 'architectural designer', 'wedding design concepts decor selection and arrangement creative flair', 'registration']",Annaba,architectural designer
CHK_00011,faq,registration,Question: Combien de temps prend l'inscription à l'ANEM à Tipaza ? Answer: L'inscription à l'ANEM de Tipaza prend entre 30 minutes et 2 heures.,Combien de temps prend l'inscription à l'ANEM à Tipaza ?,L'inscription à l'ANEM de Tipaza prend entre 30 minutes et 2 heures.,"['Tipaza', 'event planner', 'interaction design principles user behavior and psychology wireframing and prototyping tools animation and micro-interaction design collaborative design processes', 'registration']",Tipaza,event planner
CHK_00012,faq,registration,"Question: Comment s'inscrire à l'ANEM à Constantine ? Answer: Pour s'inscrire à l'ANEM à Constantine, rendez-vous à l'agence locale avec: votre CIN, justificatif de domicile, diplôme (DUT), CV, et photo. L'inscription est gratuite.",Comment s'inscrire à l'ANEM à Constantine ?,"Pour s'inscrire à l'ANEM à Constantine, rendez-vous à l'agence locale avec: votre CIN, justificatif de domicile, diplôme (DUT), CV, et photo. L'inscription est gratuite.","['Constantine', 'business development manager', 'account management client relationship sales strategy business development negotiation skills', 'registration']",Constantine,business development manager
CHK_00013,faq,registration,"Question: L'ANEM de Laghouat est-elle ouverte le vendredi ? Answer: Les agences ANEM sont ouvertes du dimanche au jeudi de 8h à 16h30. Fermées les vendredis, samedis et jours fériés.",L'ANEM de Laghouat est-elle ouverte le vendredi ?,"Les agences ANEM sont ouvertes du dimanche au jeudi de 8h à 16h30. Fermées les vendredis, samedis et jours fériés.","['Laghouat', 'human resources manager', 'procurement strategies supplier management negotiation cost analysis supply chain management', 'registration']",Laghouat,human resources manager
CHK_00014,faq,registration,Question: Combien de temps prend l'inscription à l'ANEM à Ghardaïa ? Answer: L'inscription à l'ANEM de Ghardaïa prend entre 30 minutes et 2 heures.,Combien de temps prend l'inscription à l'ANEM à Ghardaïa ?,L'inscription à l'ANEM de Ghardaïa prend entre 30 minutes et 2 heures.,"['Ghardaïa', 'customer service representative', 'counseling techniques psychotherapy mental health assessment treatment planning crisis intervention ethical standards empathy and active listening cultural competence documentation communication skills self-care licensing and certification', 'registration']",Ghardaïa,customer service representative
CHK_00015,faq,registration,"Question: Comment s'inscrire à l'ANEM à El Oued ? Answer: Pour s'inscrire à l'ANEM à El Oued, rendez-vous à l'agence locale avec: votre CIN, justificatif de domicile, diplôme (ingéniorat), CV, et photo. L'inscription est gratuite.",Comment s'inscrire à l'ANEM à El Oued ?,"Pour s'inscrire à l'ANEM à El Oued, rendez-vous à l'agence locale avec: votre CIN, justificatif de domicile, diplôme (ingéniorat), CV, et photo. L'inscription est gratuite.","['El Oued', 'environmental consultant', 'instructional design elearning tools curriculum development multimedia design learning theory knowledge', 'registration']",El Oued,environmental consultant
CHK_00016,faq,registration,"Question: Quels documents fournir si j'ai un ingéniorat pour m'inscrire à l'ANEM ? Answer: Avec un ingéniorat, vous devez fournir: attestation de réussite originale, copie CIN, justificatif de domicile, CV, et photo d'identité.",Quels documents fournir si j'ai un ingéniorat pour m'inscrire à l'ANEM ?,"Avec un ingéniorat, vous devez fournir: attestation de réussite originale, copie CIN, justificatif de domicile, CV, et photo d'identité.","['Skikda', 'customer service representative', 'account management sales strategy negotiation and closing skills', 'registration']",Skikda,customer service representative
CHK_00017,faq,registration,"Question: L'ANEM de Ghardaïa est-elle ouverte le vendredi ? Answer: Les agences ANEM sont ouvertes du dimanche au jeudi de 8h à 16h30. Fermées les vendredis, samedis et jours fériés.",L'ANEM de Ghardaïa est-elle ouverte le vendredi ?,"Les agences ANEM sont ouvertes du dimanche au jeudi de 8h à 16h30. Fermées les vendredis, samedis et jours fériés.","['Ghardaïa', 'inventory analyst', 'human resources recruitment employee onboarding hris (hr information systems) record keeping communication skills', 'registration']",Ghardaïa,inventory analyst
CHK_00018,faq,registration,Question: Combien de temps prend l'inscription à l'ANEM à Chlef ? Answer: L'inscription à l'ANEM de Chlef prend entre 30 minutes et 2 heures.,Combien de temps prend l'inscription à l'ANEM à Chlef ?,L'inscription à l'ANEM de Chlef prend entre 30 minutes et 2 heures.,"['Chlef', 'veterinarian', 'talent sourcing interviewing onboarding recruitment strategies hr software', 'registration']",Chlef,veterinarian
CHK_00019,faq,registration,"Question: Comment s'inscrire à l'ANEM à Algiers ? Answer: Pour s'inscrire à l'ANEM à Algiers, rendez-vous à l'agence locale avec: votre CIN, justificatif de domicile, diplôme (licence), CV, et photo. L'inscription est gratuite.",Comment s'inscrire à l'ANEM à Algiers ?,"Pour s'inscrire à l'ANEM à Algiers, rendez-vous à l'agence locale avec: votre CIN, justificatif de domicile, diplôme (licence), CV, et photo. L'inscription est gratuite.","['Algiers', 'art teacher', 'event planning vendor coordination budget management marketing and promotion logistics', 'registration']",Algiers,art teacher
CHK_00020,faq,registration,Question: Combien de temps prend l'inscription à l'ANEM à Constantine ? Answer: L'inscription à l'ANEM de Constantine prend entre 30 minutes et 2 heures.,Combien de temps prend l'inscription à l'ANEM à Constantine ?,L'inscription à l'ANEM de Constantine prend entre 30 minutes et 2 heures.,"['Constantine', 'family lawyer', 'agile methodologies scrum or kanban team collaboration agile tools (e.g., jira)', 'registration']",Constantine,family lawyer
CHK_00021,faq,registration,"Question: Comment s'inscrire à l'ANEM à Laghouat ? Answer: Pour s'inscrire à l'ANEM à Laghouat, rendez-vous à l'agence locale avec: votre CIN, justificatif de domicile, diplôme (licence), CV, et photo. L'inscription est gratuite.",Comment s'inscrire à l'ANEM à Laghouat ?,"Pour s'inscrire à l'ANEM à Laghouat, rendez-vous à l'agence locale avec: votre CIN, justificatif de domicile, diplôme (licence), CV, et photo. L'inscription est gratuite.","['Laghouat', 'accountant', 'nursing care patient assessment medical knowledge', 'registration']",Laghouat,accountant
CHK_00022,faq,registration,"Question: Puis-je m'inscrire à l'ANEM si je suis primo-demandeur ? Answer: Oui, les personnes avec le statut 'primo-demandeur' peuvent s'inscrire à l'ANEM. Apportez un justificatif de votre situation actuelle.",Puis-je m'inscrire à l'ANEM si je suis primo-demandeur ?,"Oui, les personnes avec le statut 'primo-demandeur' peuvent s'inscrire à l'ANEM. Apportez un justificatif de votre situation actuelle.","['Batna', 'social media manager', 'event planning conference logistics budget management vendor coordination marketing and promotion client relations', 'registration']",Batna,social media manager
CHK_00023,faq,registration,"Question: L'ANEM de Algiers est-elle ouverte le vendredi ? Answer: Les agences ANEM sont ouvertes du dimanche au jeudi de 8h à 16h30. Fermées les vendredis, samedis et jours fériés.",L'ANEM de Algiers est-elle ouverte le vendredi ?,"Les agences ANEM sont ouvertes du dimanche au jeudi de 8h à 16h30. Fermées les vendredis, samedis et jours fériés.","['Algiers', 'qa analyst', 'soc operations security incident response threat detection log analysis security tools (e.g., ids/ips) security alerts triage', 'registration']",Algiers,qa analyst
CHK_00024,faq,registration,Question: Combien de temps prend l'inscription à l'ANEM à Tindouf ? Answer: L'inscription à l'ANEM de Tindouf prend entre 30 minutes et 2 heures.,Combien de temps prend l'inscription à l'ANEM à Tindouf ?,L'inscription à l'ANEM de Tindouf prend entre 30 minutes et 2 heures.,"['Tindouf', 'social media coordinator', 'clinical psychology counseling skills assessment tools diagnostic skills empathy and listening skills', 'registration']",Tindouf,social media coordinator
CHK_00025,faq,registration,"Question: Comment s'inscrire à l'ANEM à Blida ? Answer: Pour s'inscrire à l'ANEM à Blida, rendez-vous à l'agence locale avec: votre CIN, justificatif de domicile, diplôme (master), CV, et photo. L'inscription est gratuite.",Comment s'inscrire à l'ANEM à Blida ?,"Pour s'inscrire à l'ANEM à Blida, rendez-vous à l'agence locale avec: votre CIN, justificatif de domicile, diplôme (master), CV, et photo. L'inscription est gratuite.","['Blida', 'customer service manager', 'risk assessment data analysis financial modeling risk management tools regulatory compliance knowledge', 'registration']",Blida,customer service manager
CHK_00026,faq,registration,"Question: Quels documents fournir si j'ai un BTS pour m'inscrire à l'ANEM ? Answer: Avec un BTS, vous devez fournir: attestation de réussite originale, copie CIN, justificatif de domicile, CV, et photo d'identité.",Quels documents fournir si j'ai un BTS pour m'inscrire à l'ANEM ?,"Avec un BTS, vous devez fournir: attestation de réussite originale, copie CIN, justificatif de domicile, CV, et photo d'identité.","['Tizi Ouzou', 'customer service manager', 'ui design principles and best practices graphic design tools (e.g., adobe photoshop, illustrator) typography and color theory visual design and layout responsive design', 'registration']",Tizi Ouzou,customer service manager
CHK_00027,faq,registration,"Question: L'ANEM de Tindouf est-elle ouverte le vendredi ? Answer: Les agences ANEM sont ouvertes du dimanche au jeudi de 8h à 16h30. Fermées les vendredis, samedis et jours fériés.",L'ANEM de Tindouf est-elle ouverte le vendredi ?,"Les agences ANEM sont ouvertes du dimanche au jeudi de 8h à 16h30. Fermées les vendredis, samedis et jours fériés.","['Tindouf', 'accountant', 'family counseling marriage and family therapy conflict resolution skills', 'registration']",Tindouf,accountant
CHK_00028,faq,registration,"Question: Comment s'inscrire à l'ANEM à Tindouf ? Answer: Pour s'inscrire à l'ANEM à Tindouf, rendez-vous à l'agence locale avec: votre CIN, justificatif de domicile, diplôme (licence), CV, et photo. L'inscription est gratuite.",Comment s'inscrire à l'ANEM à Tindouf ?,"Pour s'inscrire à l'ANEM à Tindouf, rendez-vous à l'agence locale avec: votre CIN, justificatif de domicile, diplôme (licence), CV, et photo. L'inscription est gratuite.","['Tindouf', 'web developer', 'document management recordkeeping attention to detail data entry organizational skills', 'registration']",Tindouf,web developer
CHK_00029,faq,registration,"Question: Puis-je m'inscrire à l'ANEM si je suis démissionnaire ? Answer: Oui, les personnes avec le statut 'démissionnaire' peuvent s'inscrire à l'ANEM. Apportez un justificatif de votre situation actuelle.",Puis-je m'inscrire à l'ANEM si je suis démissionnaire ?,"Oui, les personnes avec le statut 'démissionnaire' peuvent s'inscrire à l'ANEM. Apportez un justificatif de votre situation actuelle.","['Tlemcen', 'technical writer', 'human resources recruitment employee onboarding hris (hr information systems) record keeping communication skills', 'registration']",Tlemcen,technical writer
CHK_00030,faq,job_search,"Question: Comment trouver un emploi de database administrator à Constantine via l'ANEM ? Answer: Pour trouver un poste de database administrator à Constantine: 1) Inscrivez-vous à l'ANEM, 2) Précisez votre spécialité, 3) Consultez anem.dz.",Comment trouver un emploi de database administrator à Constantine via l'ANEM ?,"Pour trouver un poste de database administrator à Constantine: 1) Inscrivez-vous à l'ANEM, 2) Précisez votre spécialité, 3) Consultez anem.dz.","['Constantine', 'database administrator', 'big data technologies (hadoop, spark, etc.) data processing and analysis distributed computing', 'job_search']",Constantine,database administrator
CHK_00031,faq,job_search,Question: Y a-t-il des offres pour ux/ui designer en contrat stage à Algiers ? Answer: L'ANEM de Algiers reçoit régulièrement des offres pour ux/ui designer en stage. Offres mises à jour hebdomadairement sur anem.dz.,Y a-t-il des offres pour ux/ui designer en contrat stage à Algiers ?,L'ANEM de Algiers reçoit régulièrement des offres pour ux/ui designer en stage. Offres mises à jour hebdomadairement sur anem.dz.,"['Algiers', 'ux/ui designer', 'ui design principles and best practices graphic design tools (e.g., adobe photoshop, illustrator) typography and color theory visual design and layout responsive design', 'job_search']",Algiers,ux/ui designer
CHK_00032,faq,job_search,Question: Mon profil litigation attorney avec 15+ years est-il demandé à Laghouat ? Answer: Les profils litigation attorney avec 15+ years sont recherchés dans plusieurs wilayas dont Laghouat.,Mon profil litigation attorney avec 15+ years est-il demandé à Laghouat ?,Les profils litigation attorney avec 15+ years sont recherchés dans plusieurs wilayas dont Laghouat.,"['Laghouat', 'litigation attorney', 'construction management budgeting contract negotiation safety regulations', 'job_search']",Laghouat,litigation attorney
CHK_00033,faq,job_search,"Question: Puis-je chercher un emploi dans une autre wilaya via l'ANEM de Sétif ? Answer: Oui, l'ANEM de Sétif a accès à la base d'offres nationale. Des aides au déplacement peuvent être disponibles.",Puis-je chercher un emploi dans une autre wilaya via l'ANEM de Sétif ?,"Oui, l'ANEM de Sétif a accès à la base d'offres nationale. Des aides au déplacement peuvent être disponibles.","['Sétif', 'project manager', 'sql (structured query language) database design query optimization data modeling database maintenance problem-solving skills', 'job_search']",Sétif,project manager
CHK_00034,faq,job_search,Question: Comment fonctionne le matching de profil pour un poste de procurement manager ? Answer: L'ANEM utilise votre profil pour proposer des offres de procurement manager. Mettez à jour vos compétences en lighting design architectural lighting lighting software proficiency creative lighting concepts technical knowledge pour augmenter vos chances.,Comment fonctionne le matching de profil pour un poste de procurement manager ?,L'ANEM utilise votre profil pour proposer des offres de procurement manager. Mettez à jour vos compétences en lighting design architectural lighting lighting software proficiency creative lighting concepts technical knowledge pour augmenter vos chances.,"['Batna', 'procurement manager', 'lighting design architectural lighting lighting software proficiency creative lighting concepts technical knowledge', 'job_search']",Batna,procurement manager
CHK_00035,faq,job_search,"Question: Comment trouver un emploi de structural engineer à Constantine via l'ANEM ? Answer: Pour trouver un poste de structural engineer à Constantine: 1) Inscrivez-vous à l'ANEM, 2) Précisez votre spécialité, 3) Consultez anem.dz.",Comment trouver un emploi de structural engineer à Constantine via l'ANEM ?,"Pour trouver un poste de structural engineer à Constantine: 1) Inscrivez-vous à l'ANEM, 2) Précisez votre spécialité, 3) Consultez anem.dz.","['Constantine', 'structural engineer', 'account management client relationship sales strategy business development negotiation skills', 'job_search']",Constantine,structural engineer
CHK_00036,faq,job_search,Question: Y a-t-il des offres pour structural engineer en contrat stage à Béjaïa ? Answer: L'ANEM de Béjaïa reçoit régulièrement des offres pour structural engineer en stage. Offres mises à jour hebdomadairement sur anem.dz.,Y a-t-il des offres pour structural engineer en contrat stage à Béjaïa ?,L'ANEM de Béjaïa reçoit régulièrement des offres pour structural engineer en stage. Offres mises à jour hebdomadairement sur anem.dz.,"['Béjaïa', 'structural engineer', 'nosql databases (e.g., mongodb, cassandra) data modeling data migration performance tuning scalability distributed systems', 'job_search']",Béjaïa,structural engineer
CHK_00037,faq,job_search,Question: Mon profil web developer avec 15+ years est-il demandé à Batna ? Answer: Les profils web developer avec 15+ years sont recherchés dans plusieurs wilayas dont Batna.,Mon profil web developer avec 15+ years est-il demandé à Batna ?,Les profils web developer avec 15+ years sont recherchés dans plusieurs wilayas dont Batna.,"['Batna', 'web developer', 'wedding planning vendor coordination event management', 'job_search']",Batna,web developer
CHK_00038,faq,job_search,"Question: Puis-je chercher un emploi dans une autre wilaya via l'ANEM de Tindouf ? Answer: Oui, l'ANEM de Tindouf a accès à la base d'offres nationale. Des aides au déplacement peuvent être disponibles.",Puis-je chercher un emploi dans une autre wilaya via l'ANEM de Tindouf ?,"Oui, l'ANEM de Tindouf a accès à la base d'offres nationale. Des aides au déplacement peuvent être disponibles.","['Tindouf', 'ui developer', 'interaction design principles user behavior and psychology wireframing and prototyping tools animation and micro-interaction design collaborative design processes', 'job_search']",Tindouf,ui developer
CHK_00039,faq,job_search,Question: Comment fonctionne le matching de profil pour un poste de investment banker ? Answer: L'ANEM utilise votre profil pour proposer des offres de investment banker. Mettez à jour vos compétences en corporate law and regulations contract drafting and negotiation legal research and analysis risk management excellent communication and negotiation skills pour augmenter vos chances.,Comment fonctionne le matching de profil pour un poste de investment banker ?,L'ANEM utilise votre profil pour proposer des offres de investment banker. Mettez à jour vos compétences en corporate law and regulations contract drafting and negotiation legal research and analysis risk management excellent communication and negotiation skills pour augmenter vos chances.,"['Sétif', 'investment banker', 'corporate law and regulations contract drafting and negotiation legal research and analysis risk management excellent communication and negotiation skills', 'job_search']",Sétif,investment banker
CHK_00040,faq,job_search,"Question: Comment trouver un emploi de web developer à Laghouat via l'ANEM ? Answer: Pour trouver un poste de web developer à Laghouat: 1) Inscrivez-vous à l'ANEM, 2) Précisez votre spécialité, 3) Consultez anem.dz.",Comment trouver un emploi de web developer à Laghouat via l'ANEM ?,"Pour trouver un poste de web developer à Laghouat: 1) Inscrivez-vous à l'ANEM, 2) Précisez votre spécialité, 3) Consultez anem.dz.","['Laghouat', 'web developer', 'content creation (e.g., writing, editing, graphic design, video production) content marketing social media management seo optimization creative storytelling audience engagement analytics and reporting adaptability communication skills creativity', 'job_search']",Laghouat,web developer
CHK_00041,faq,job_search,Question: Y a-t-il des offres pour brand manager en contrat CPE à Annaba ? Answer: L'ANEM de Annaba reçoit régulièrement des offres pour brand manager en CPE. Offres mises à jour hebdomadairement sur anem.dz.,Y a-t-il des offres pour brand manager en contrat CPE à Annaba ?,L'ANEM de Annaba reçoit régulièrement des offres pour brand manager en CPE. Offres mises à jour hebdomadairement sur anem.dz.,"['Annaba', 'brand manager', 'data analysis and visualization tools (e.g., tableau, power bi) sql and database querying business intelligence concepts data modeling and reporting strong analytical and problem-solving skills data-driven decision-making', 'job_search']",Annaba,brand manager
CHK_00042,faq,job_search,Question: Mon profil front-end engineer avec 4-6 years est-il demandé à Relizane ? Answer: Les profils front-end engineer avec 4-6 years sont recherchés dans plusieurs wilayas dont Relizane.,Mon profil front-end engineer avec 4-6 years est-il demandé à Relizane ?,Les profils front-end engineer avec 4-6 years sont recherchés dans plusieurs wilayas dont Relizane.,"['Relizane', 'front-end engineer', 'instructional design elearning tools curriculum development multimedia design learning theory knowledge', 'job_search']",Relizane,front-end engineer
CHK_00043,faq,job_search,"Question: Puis-je chercher un emploi dans une autre wilaya via l'ANEM de Annaba ? Answer: Oui, l'ANEM de Annaba a accès à la base d'offres nationale. Des aides au déplacement peuvent être disponibles.",Puis-je chercher un emploi dans une autre wilaya via l'ANEM de Annaba ?,"Oui, l'ANEM de Annaba a accès à la base d'offres nationale. Des aides au déplacement peuvent être disponibles.","['Annaba', 'inventory analyst', 'it systems analysis troubleshooting it support and documentation', 'job_search']",Annaba,inventory analyst
CHK_00044,faq,job_search,Question: Comment fonctionne le matching de profil pour un poste de account executive ? Answer: L'ANEM utilise votre profil pour proposer des offres de account executive. Mettez à jour vos compétences en it systems analysis troubleshooting it support and documentation pour augmenter vos chances.,Comment fonctionne le matching de profil pour un poste de account executive ?,L'ANEM utilise votre profil pour proposer des offres de account executive. Mettez à jour vos compétences en it systems analysis troubleshooting it support and documentation pour augmenter vos chances.,"['Tizi Ouzou', 'account executive', 'it systems analysis troubleshooting it support and documentation', 'job_search']",Tizi Ouzou,account executive
CHK_00045,faq,job_search,"Question: Comment trouver un emploi de nurse practitioner à Annaba via l'ANEM ? Answer: Pour trouver un poste de nurse practitioner à Annaba: 1) Inscrivez-vous à l'ANEM, 2) Précisez votre spécialité, 3) Consultez anem.dz.",Comment trouver un emploi de nurse practitioner à Annaba via l'ANEM ?,"Pour trouver un poste de nurse practitioner à Annaba: 1) Inscrivez-vous à l'ANEM, 2) Précisez votre spécialité, 3) Consultez anem.dz.","['Annaba', 'nurse practitioner', 'acute care nursing emergency medicine critical care diagnostic tests treatment planning', 'job_search']",Annaba,nurse practitioner
CHK_00046,faq,job_search,Question: Y a-t-il des offres pour brand manager en contrat CDD à Oran ? Answer: L'ANEM de Oran reçoit régulièrement des offres pour brand manager en CDD. Offres mises à jour hebdomadairement sur anem.dz.,Y a-t-il des offres pour brand manager en contrat CDD à Oran ?,L'ANEM de Oran reçoit régulièrement des offres pour brand manager en CDD. Offres mises à jour hebdomadairement sur anem.dz.,"['Oran', 'brand manager', 'sales strategy development territory management sales team leadership', 'job_search']",Oran,brand manager
CHK_00047,faq,job_search,Question: Mon profil content writer avec 1-2 years est-il demandé à Adrar ? Answer: Les profils content writer avec 1-2 years sont recherchés dans plusieurs wilayas dont Adrar.,Mon profil content writer avec 1-2 years est-il demandé à Adrar ?,Les profils content writer avec 1-2 years sont recherchés dans plusieurs wilayas dont Adrar.,"['Adrar', 'content writer', 'technical troubleshooting hardware and software support customer service problem-solving communication', 'job_search']",Adrar,content writer
CHK_00048,faq,job_search,"Question: Puis-je chercher un emploi dans une autre wilaya via l'ANEM de Chlef ? Answer: Oui, l'ANEM de Chlef a accès à la base d'offres nationale. Des aides au déplacement peuvent être disponibles.",Puis-je chercher un emploi dans une autre wilaya via l'ANEM de Chlef ?,"Oui, l'ANEM de Chlef a accès à la base d'offres nationale. Des aides au déplacement peuvent être disponibles.","['Chlef', 'software tester', 'sales strategy and planning account management customer relationship management solution selling sales forecasting contract negotiation sales metrics and reporting', 'job_search']",Chlef,software tester
CHK_00049,faq,job_search,Question: Comment fonctionne le matching de profil pour un poste de key account manager ? Answer: L'ANEM utilise votre profil pour proposer des offres de key account manager. Mettez à jour vos compétences en event planning vendor coordination budget management marketing and promotion logistics pour augmenter vos chances.,Comment fonctionne le matching de profil pour un poste de key account manager ?,L'ANEM utilise votre profil pour proposer des offres de key account manager. Mettez à jour vos compétences en event planning vendor coordination budget management marketing and promotion logistics pour augmenter vos chances.,"['Skikda', 'key account manager', 'event planning vendor coordination budget management marketing and promotion logistics', 'job_search']",Skikda,key account manager
CHK_00050,faq,job_search,"Question: Comment trouver un emploi de software engineer à Ghardaïa via l'ANEM ? Answer: Pour trouver un poste de software engineer à Ghardaïa: 1) Inscrivez-vous à l'ANEM, 2) Précisez votre spécialité, 3) Consultez anem.dz.",Comment trouver un emploi de software engineer à Ghardaïa via l'ANEM ?,"Pour trouver un poste de software engineer à Ghardaïa: 1) Inscrivez-vous à l'ANEM, 2) Précisez votre spécialité, 3) Consultez anem.dz.","['Ghardaïa', 'software engineer', 'financial analysis data analysis financial modeling', 'job_search']",Ghardaïa,software engineer
CHK_00051,faq,job_search,Question: Y a-t-il des offres pour tax consultant en contrat CDI à Sétif ? Answer: L'ANEM de Sétif reçoit régulièrement des offres pour tax consultant en CDI. Offres mises à jour hebdomadairement sur anem.dz.,Y a-t-il des offres pour tax consultant en contrat CDI à Sétif ?,L'ANEM de Sétif reçoit régulièrement des offres pour tax consultant en CDI. Offres mises à jour hebdomadairement sur anem.dz.,"['Sétif', 'tax consultant', 'event planning conference logistics budget management vendor coordination marketing and promotion client relations', 'job_search']",Sétif,tax consultant
CHK_00052,faq,job_search,Question: Mon profil financial planner avec 12-15 years est-il demandé à Blida ? Answer: Les profils financial planner avec 12-15 years sont recherchés dans plusieurs wilayas dont Blida.,Mon profil financial planner avec 12-15 years est-il demandé à Blida ?,Les profils financial planner avec 12-15 years sont recherchés dans plusieurs wilayas dont Blida.,"['Blida', 'financial planner', 'tax planning strategies tax law knowledge financial analysis retirement planning estate planning client relationship management tax optimization communication skills attention to detail tax software proficiency regulatory compliance', 'job_search']",Blida,financial planner
CHK_00053,faq,job_search,Question: Comment fonctionne le matching de profil pour un poste de process engineer ? Answer: L'ANEM utilise votre profil pour proposer des offres de process engineer. Mettez à jour vos compétences en construction management budgeting contract negotiation safety regulations pour augmenter vos chances.,Comment fonctionne le matching de profil pour un poste de process engineer ?,L'ANEM utilise votre profil pour proposer des offres de process engineer. Mettez à jour vos compétences en construction management budgeting contract negotiation safety regulations pour augmenter vos chances.,"['Batna', 'process engineer', 'construction management budgeting contract negotiation safety regulations', 'job_search']",Batna,process engineer
CHK_00054,faq,job_search,"Question: Comment trouver un emploi de speech therapist à Tindouf via l'ANEM ? Answer: Pour trouver un poste de speech therapist à Tindouf: 1) Inscrivez-vous à l'ANEM, 2) Précisez votre spécialité, 3) Consultez anem.dz.",Comment trouver un emploi de speech therapist à Tindouf via l'ANEM ?,"Pour trouver un poste de speech therapist à Tindouf: 1) Inscrivez-vous à l'ANEM, 2) Précisez votre spécialité, 3) Consultez anem.dz.","['Tindouf', 'speech therapist', 'research methodology data analysis psychological studies writing research reports critical thinking', 'job_search']",Tindouf,speech therapist
CHK_00055,faq,job_search,Question: Y a-t-il des offres pour event manager en contrat stage à Annaba ? Answer: L'ANEM de Annaba reçoit régulièrement des offres pour event manager en stage. Offres mises à jour hebdomadairement sur anem.dz.,Y a-t-il des offres pour event manager en contrat stage à Annaba ?,L'ANEM de Annaba reçoit régulièrement des offres pour event manager en stage. Offres mises à jour hebdomadairement sur anem.dz.,"['Annaba', 'event manager', 'sales leadership team management sales strategy and planning', 'job_search']",Annaba,event manager
CHK_00056,faq,job_search,Question: Mon profil supply chain analyst avec 0-1 years est-il demandé à Algiers ? Answer: Les profils supply chain analyst avec 0-1 years sont recherchés dans plusieurs wilayas dont Algiers.,Mon profil supply chain analyst avec 0-1 years est-il demandé à Algiers ?,Les profils supply chain analyst avec 0-1 years sont recherchés dans plusieurs wilayas dont Algiers.,"['Algiers', 'supply chain analyst', 'network security protocols and technologies firewalls and intrusion detection systems vulnerability assessment and penetration testing security policy development and enforcement incident response and recovery', 'job_search']",Algiers,supply chain analyst
CHK_00057,faq,job_search,"Question: Puis-je chercher un emploi dans une autre wilaya via l'ANEM de Constantine ? Answer: Oui, l'ANEM de Constantine a accès à la base d'offres nationale. Des aides au déplacement peuvent être disponibles.",Puis-je chercher un emploi dans une autre wilaya via l'ANEM de Constantine ?,"Oui, l'ANEM de Constantine a accès à la base d'offres nationale. Des aides au déplacement peuvent être disponibles.","['Constantine', 'data analyst', 'test automation test framework development continuous integration scripting languages (e.g., python) test reporting code review', 'job_search']",Constantine,data analyst
CHK_00058,faq,job_search,Question: Comment fonctionne le matching de profil pour un poste de customer service representative ? Answer: L'ANEM utilise votre profil pour proposer des offres de customer service representative. Mettez à jour vos compétences en speech pathology articulation therapy language disorders speech assessment therapy planning communication skills pour augmenter vos chances.,Comment fonctionne le matching de profil pour un poste de customer service representative ?,L'ANEM utilise votre profil pour proposer des offres de customer service representative. Mettez à jour vos compétences en speech pathology articulation therapy language disorders speech assessment therapy planning communication skills pour augmenter vos chances.,"['Tindouf', 'customer service representative', 'speech pathology articulation therapy language disorders speech assessment therapy planning communication skills', 'job_search']",Tindouf,customer service representative
CHK_00059,faq,job_search,"Question: Comment trouver un emploi de wedding planner à Tizi Ouzou via l'ANEM ? Answer: Pour trouver un poste de wedding planner à Tizi Ouzou: 1) Inscrivez-vous à l'ANEM, 2) Précisez votre spécialité, 3) Consultez anem.dz.",Comment trouver un emploi de wedding planner à Tizi Ouzou via l'ANEM ?,"Pour trouver un poste de wedding planner à Tizi Ouzou: 1) Inscrivez-vous à l'ANEM, 2) Précisez votre spécialité, 3) Consultez anem.dz.","['Tizi Ouzou', 'wedding planner', 'search engine algorithms and ranking factors keyword research and analysis on-page and off-page seo optimization seo tools (e.g., google analytics, semrush) seo content strategy', 'job_search']",Tizi Ouzou,wedding planner
CHK_00060,faq,unemployment_benefits,"Question: Puis-je toucher les allocations chômage après avoir quitté un poste de chemical analyst ? Answer: Les allocations CNAC ne s'appliquent qu'en cas de licenciement économique, pas de démission. Conditions: 3+ ans cotisation CNAS, âge 30-50 ans.",Puis-je toucher les allocations chômage après avoir quitté un poste de chemical analyst ?,"Les allocations CNAC ne s'appliquent qu'en cas de licenciement économique, pas de démission. Conditions: 3+ ans cotisation CNAS, âge 30-50 ans.","['Skikda', 'chemical analyst', 'social science research methods qualitative and quantitative data analysis survey design and implementation ethnographic research interviewing skills research ethics statistical software (e.g., stata, nvivo) report writing communication skills critical thinking empathy', 'unemployment_benefits']",Skikda,chemical analyst
CHK_00061,faq,unemployment_benefits,Question: Quel est le montant des allocations chômage pour un business analyst ? Answer: Le montant varie entre 75% et 100% du SNMG (20 000 DA). Le calcul est identique quel que soit le poste.,Quel est le montant des allocations chômage pour un business analyst ?,Le montant varie entre 75% et 100% du SNMG (20 000 DA). Le calcul est identique quel que soit le poste.,"['Tlemcen', 'business analyst', 'desktop hardware and software troubleshooting operating system expertise (e.g., windows, macos) remote desktop support hardware and software upgrades customer service skills', 'unemployment_benefits']",Tlemcen,business analyst
CHK_00062,faq,unemployment_benefits,Question: Comment renouveler mes allocations chômage à Tlemcen ? Answer: Pour renouveler à Tlemcen: présentez-vous au CNAC avant expiration et justifiez vos démarches de recherche d'emploi. Renouvellement semestriel.,Comment renouveler mes allocations chômage à Tlemcen ?,Pour renouveler à Tlemcen: présentez-vous au CNAC avant expiration et justifiez vos démarches de recherche d'emploi. Renouvellement semestriel.,"['Tlemcen', 'market research analyst', 'user research methods usability testing data analysis and interpretation', 'unemployment_benefits']",Tlemcen,market research analyst
CHK_00063,faq,unemployment_benefits,"Question: Puis-je toucher les allocations chômage après avoir quitté un poste de digital marketing specialist ? Answer: Les allocations CNAC ne s'appliquent qu'en cas de licenciement économique, pas de démission. Conditions: 3+ ans cotisation CNAS, âge 30-50 ans.",Puis-je toucher les allocations chômage après avoir quitté un poste de digital marketing specialist ?,"Les allocations CNAC ne s'appliquent qu'en cas de licenciement économique, pas de démission. Conditions: 3+ ans cotisation CNAS, âge 30-50 ans.","['Tindouf', 'digital marketing specialist', 'research methodology data analysis psychological studies writing research reports critical thinking', 'unemployment_benefits']",Tindouf,digital marketing specialist
CHK_00064,faq,unemployment_benefits,Question: Quel est le montant des allocations chômage pour un environmental engineer ? Answer: Le montant varie entre 75% et 100% du SNMG (20 000 DA). Le calcul est identique quel que soit le poste.,Quel est le montant des allocations chômage pour un environmental engineer ?,Le montant varie entre 75% et 100% du SNMG (20 000 DA). Le calcul est identique quel que soit le poste.,"['El Oued', 'environmental engineer', 'construction management budgeting contract negotiation safety regulations', 'unemployment_benefits']",El Oued,environmental engineer
CHK_00065,faq,unemployment_benefits,Question: Comment renouveler mes allocations chômage à Constantine ? Answer: Pour renouveler à Constantine: présentez-vous au CNAC avant expiration et justifiez vos démarches de recherche d'emploi. Renouvellement semestriel.,Comment renouveler mes allocations chômage à Constantine ?,Pour renouveler à Constantine: présentez-vous au CNAC avant expiration et justifiez vos démarches de recherche d'emploi. Renouvellement semestriel.,"['Constantine', 'legal counsel', 'tax law knowledge individual tax planning tax return preparation tax deductions and credits tax compliance irs regulations client relationship management communication skills attention to detail tax software proficiency', 'unemployment_benefits']",Constantine,legal counsel
CHK_00066,faq,unemployment_benefits,"Question: Puis-je toucher les allocations chômage après avoir quitté un poste de back-end developer ? Answer: Les allocations CNAC ne s'appliquent qu'en cas de licenciement économique, pas de démission. Conditions: 3+ ans cotisation CNAS, âge 30-50 ans.",Puis-je toucher les allocations chômage après avoir quitté un poste de back-end developer ?,"Les allocations CNAC ne s'appliquent qu'en cas de licenciement économique, pas de démission. Conditions: 3+ ans cotisation CNAS, âge 30-50 ans.","['Laghouat', 'back-end developer', 'nosql databases (e.g., mongodb, cassandra) data modeling data migration performance tuning scalability distributed systems', 'unemployment_benefits']",Laghouat,back-end developer
CHK_00067,faq,unemployment_benefits,Question: Quel est le montant des allocations chômage pour un market research analyst ? Answer: Le montant varie entre 75% et 100% du SNMG (20 000 DA). Le calcul est identique quel que soit le poste.,Quel est le montant des allocations chômage pour un market research analyst ?,Le montant varie entre 75% et 100% du SNMG (20 000 DA). Le calcul est identique quel que soit le poste.,"['Sétif', 'market research analyst', 'wireless network design and architecture wi-fi standards and protocols rf (radio frequency) planning and optimization wireless security protocols troubleshooting wireless network issues', 'unemployment_benefits']",Sétif,market research analyst
CHK_00068,faq,unemployment_benefits,Question: Comment renouveler mes allocations chômage à Tipaza ? Answer: Pour renouveler à Tipaza: présentez-vous au CNAC avant expiration et justifiez vos démarches de recherche d'emploi. Renouvellement semestriel.,Comment renouveler mes allocations chômage à Tipaza ?,Pour renouveler à Tipaza: présentez-vous au CNAC avant expiration et justifiez vos démarches de recherche d'emploi. Renouvellement semestriel.,"['Tipaza', 'electrical designer', 'desktop hardware and software troubleshooting operating system expertise (e.g., windows, macos) remote desktop support hardware and software upgrades customer service skills', 'unemployment_benefits']",Tipaza,electrical designer
CHK_00069,faq,unemployment_benefits,"Question: Puis-je toucher les allocations chômage après avoir quitté un poste de sales consultant ? Answer: Les allocations CNAC ne s'appliquent qu'en cas de licenciement économique, pas de démission. Conditions: 3+ ans cotisation CNAS, âge 30-50 ans.",Puis-je toucher les allocations chômage après avoir quitté un poste de sales consultant ?,"Les allocations CNAC ne s'appliquent qu'en cas de licenciement économique, pas de démission. Conditions: 3+ ans cotisation CNAS, âge 30-50 ans.","['Adrar', 'sales consultant', 'user research methods usability testing data analysis and interpretation', 'unemployment_benefits']",Adrar,sales consultant
CHK_00070,faq,unemployment_benefits,Question: Quel est le montant des allocations chômage pour un hr generalist ? Answer: Le montant varie entre 75% et 100% du SNMG (20 000 DA). Le calcul est identique quel que soit le poste.,Quel est le montant des allocations chômage pour un hr generalist ?,Le montant varie entre 75% et 100% du SNMG (20 000 DA). Le calcul est identique quel que soit le poste.,"['Sétif', 'hr generalist', 'event planning and coordination budget management vendor negotiation venue selection and management timeline and logistics planning marketing and promotion risk management client communication creativity problem-solving attention to detail', 'unemployment_benefits']",Sétif,hr generalist
CHK_00071,faq,unemployment_benefits,Question: Comment renouveler mes allocations chômage à Tizi Ouzou ? Answer: Pour renouveler à Tizi Ouzou: présentez-vous au CNAC avant expiration et justifiez vos démarches de recherche d'emploi. Renouvellement semestriel.,Comment renouveler mes allocations chômage à Tizi Ouzou ?,Pour renouveler à Tizi Ouzou: présentez-vous au CNAC avant expiration et justifiez vos démarches de recherche d'emploi. Renouvellement semestriel.,"['Tizi Ouzou', 'financial planner', 'teaching pedagogy classroom management curriculum development student assessment differentiated instruction', 'unemployment_benefits']",Tizi Ouzou,financial planner
CHK_00072,faq,unemployment_benefits,"Question: Puis-je toucher les allocations chômage après avoir quitté un poste de electrical designer ? Answer: Les allocations CNAC ne s'appliquent qu'en cas de licenciement économique, pas de démission. Conditions: 3+ ans cotisation CNAS, âge 30-50 ans.",Puis-je toucher les allocations chômage après avoir quitté un poste de electrical designer ?,"Les allocations CNAC ne s'appliquent qu'en cas de licenciement économique, pas de démission. Conditions: 3+ ans cotisation CNAS, âge 30-50 ans.","['Tindouf', 'electrical designer', 'sales strategy and planning account management customer relationship management solution selling sales forecasting contract negotiation sales metrics and reporting', 'unemployment_benefits']",Tindouf,electrical designer
CHK_00073,faq,unemployment_benefits,Question: Quel est le montant des allocations chômage pour un hr coordinator ? Answer: Le montant varie entre 75% et 100% du SNMG (20 000 DA). Le calcul est identique quel que soit le poste.,Quel est le montant des allocations chômage pour un hr coordinator ?,Le montant varie entre 75% et 100% du SNMG (20 000 DA). Le calcul est identique quel que soit le poste.,"['Laghouat', 'hr coordinator', 'brand strategy development market research and analysis competitive analysis brand positioning and messaging creative direction and collaboration', 'unemployment_benefits']",Laghouat,hr coordinator
CHK_00074,faq,unemployment_benefits,Question: Comment renouveler mes allocations chômage à Tamanrasset ? Answer: Pour renouveler à Tamanrasset: présentez-vous au CNAC avant expiration et justifiez vos démarches de recherche d'emploi. Renouvellement semestriel.,Comment renouveler mes allocations chômage à Tamanrasset ?,Pour renouveler à Tamanrasset: présentez-vous au CNAC avant expiration et justifiez vos démarches de recherche d'emploi. Renouvellement semestriel.,"['Tamanrasset', 'nurse practitioner', 'nosql databases (e.g., mongodb, cassandra) data modeling data migration performance tuning scalability distributed systems', 'unemployment_benefits']",Tamanrasset,nurse practitioner
CHK_00075,faq,unemployment_benefits,"Question: Puis-je toucher les allocations chômage après avoir quitté un poste de architectural designer ? Answer: Les allocations CNAC ne s'appliquent qu'en cas de licenciement économique, pas de démission. Conditions: 3+ ans cotisation CNAS, âge 30-50 ans.",Puis-je toucher les allocations chômage après avoir quitté un poste de architectural designer ?,"Les allocations CNAC ne s'appliquent qu'en cas de licenciement économique, pas de démission. Conditions: 3+ ans cotisation CNAS, âge 30-50 ans.","['Sétif', 'architectural designer', 'writing skills content creation seo knowledge research skills grammar and proofreading', 'unemployment_benefits']",Sétif,architectural designer
CHK_00076,faq,unemployment_benefits,Question: Quel est le montant des allocations chômage pour un qa analyst ? Answer: Le montant varie entre 75% et 100% du SNMG (20 000 DA). Le calcul est identique quel que soit le poste.,Quel est le montant des allocations chômage pour un qa analyst ?,Le montant varie entre 75% et 100% du SNMG (20 000 DA). Le calcul est identique quel que soit le poste.,"['Tamanrasset', 'qa analyst', 'records management data entry and retrieval attention to detail', 'unemployment_benefits']",Tamanrasset,qa analyst
CHK_00077,faq,unemployment_benefits,Question: Comment renouveler mes allocations chômage à Algiers ? Answer: Pour renouveler à Algiers: présentez-vous au CNAC avant expiration et justifiez vos démarches de recherche d'emploi. Renouvellement semestriel.,Comment renouveler mes allocations chômage à Algiers ?,Pour renouveler à Algiers: présentez-vous au CNAC avant expiration et justifiez vos démarches de recherche d'emploi. Renouvellement semestriel.,"['Algiers', 'copywriter', 'urban design and planning zoning regulations gis and mapping tools', 'unemployment_benefits']",Algiers,copywriter
CHK_00078,faq,unemployment_benefits,"Question: Puis-je toucher les allocations chômage après avoir quitté un poste de social media manager ? Answer: Les allocations CNAC ne s'appliquent qu'en cas de licenciement économique, pas de démission. Conditions: 3+ ans cotisation CNAS, âge 30-50 ans.",Puis-je toucher les allocations chômage après avoir quitté un poste de social media manager ?,"Les allocations CNAC ne s'appliquent qu'en cas de licenciement économique, pas de démission. Conditions: 3+ ans cotisation CNAS, âge 30-50 ans.","['Béjaïa', 'social media manager', 'records management data entry and retrieval attention to detail', 'unemployment_benefits']",Béjaïa,social media manager
CHK_00079,faq,unemployment_benefits,Question: Quel est le montant des allocations chômage pour un environmental consultant ? Answer: Le montant varie entre 75% et 100% du SNMG (20 000 DA). Le calcul est identique quel que soit le poste.,Quel est le montant des allocations chômage pour un environmental consultant ?,Le montant varie entre 75% et 100% du SNMG (20 000 DA). Le calcul est identique quel que soit le poste.,"['Tindouf', 'environmental consultant', 'urban design and planning zoning regulations gis and mapping tools', 'unemployment_benefits']",Tindouf,environmental consultant
CHK_00080,faq,unemployment_benefits,Question: Comment renouveler mes allocations chômage à Adrar ? Answer: Pour renouveler à Adrar: présentez-vous au CNAC avant expiration et justifiez vos démarches de recherche d'emploi. Renouvellement semestriel.,Comment renouveler mes allocations chômage à Adrar ?,Pour renouveler à Adrar: présentez-vous au CNAC avant expiration et justifiez vos démarches de recherche d'emploi. Renouvellement semestriel.,"['Adrar', 'business analyst', 'social media platforms (e.g., facebook, twitter, instagram) content creation and scheduling social media analytics and insights community engagement paid social advertising', 'unemployment_benefits']",Adrar,business analyst
CHK_00081,faq,unemployment_benefits,"Question: Puis-je toucher les allocations chômage après avoir quitté un poste de research analyst ? Answer: Les allocations CNAC ne s'appliquent qu'en cas de licenciement économique, pas de démission. Conditions: 3+ ans cotisation CNAS, âge 30-50 ans.",Puis-je toucher les allocations chômage après avoir quitté un poste de research analyst ?,"Les allocations CNAC ne s'appliquent qu'en cas de licenciement économique, pas de démission. Conditions: 3+ ans cotisation CNAS, âge 30-50 ans.","['Chlef', 'research analyst', 'document management recordkeeping attention to detail data entry organizational skills', 'unemployment_benefits']",Chlef,research analyst
CHK_00082,faq,unemployment_benefits,Question: Quel est le montant des allocations chômage pour un tax consultant ? Answer: Le montant varie entre 75% et 100% du SNMG (20 000 DA). Le calcul est identique quel que soit le poste.,Quel est le montant des allocations chômage pour un tax consultant ?,Le montant varie entre 75% et 100% du SNMG (20 000 DA). Le calcul est identique quel que soit le poste.,"['Sétif', 'tax consultant', 'nursing care patient assessment medical knowledge', 'unemployment_benefits']",Sétif,tax consultant
CHK_00083,faq,unemployment_benefits,"Question: Puis-je toucher les allocations chômage après avoir quitté un poste de business development manager ? Answer: Les allocations CNAC ne s'appliquent qu'en cas de licenciement économique, pas de démission. Conditions: 3+ ans cotisation CNAS, âge 30-50 ans.",Puis-je toucher les allocations chômage après avoir quitté un poste de business development manager ?,"Les allocations CNAC ne s'appliquent qu'en cas de licenciement économique, pas de démission. Conditions: 3+ ans cotisation CNAS, âge 30-50 ans.","['Adrar', 'business development manager', 'content creation (e.g., writing, editing, graphic design, video production) content marketing social media management seo optimization creative storytelling audience engagement analytics and reporting adaptability communication skills creativity', 'unemployment_benefits']",Adrar,business development manager
CHK_00084,faq,unemployment_benefits,Question: Quel est le montant des allocations chômage pour un purchasing agent ? Answer: Le montant varie entre 75% et 100% du SNMG (20 000 DA). Le calcul est identique quel que soit le poste.,Quel est le montant des allocations chômage pour un purchasing agent ?,Le montant varie entre 75% et 100% du SNMG (20 000 DA). Le calcul est identique quel que soit le poste.,"['Tamanrasset', 'purchasing agent', 'soc operations security incident response threat detection log analysis security tools (e.g., ids/ips) security alerts triage', 'unemployment_benefits']",Tamanrasset,purchasing agent
CHK_00085,faq,unemployment_benefits,"Question: Puis-je toucher les allocations chômage après avoir quitté un poste de electrical engineer ? Answer: Les allocations CNAC ne s'appliquent qu'en cas de licenciement économique, pas de démission. Conditions: 3+ ans cotisation CNAS, âge 30-50 ans.",Puis-je toucher les allocations chômage après avoir quitté un poste de electrical engineer ?,"Les allocations CNAC ne s'appliquent qu'en cas de licenciement économique, pas de démission. Conditions: 3+ ans cotisation CNAS, âge 30-50 ans.","['Batna', 'electrical engineer', 'international tax law knowledge transfer pricing cross-border tax planning tax treaties and agreements foreign tax credits international tax compliance transfer pricing documentation multinational tax strategies client relationship management communication skills tax software proficiency', 'unemployment_benefits']",Batna,electrical engineer
CHK_00086,faq,unemployment_benefits,Question: Quel est le montant des allocations chômage pour un account director ? Answer: Le montant varie entre 75% et 100% du SNMG (20 000 DA). Le calcul est identique quel que soit le poste.,Quel est le montant des allocations chômage pour un account director ?,Le montant varie entre 75% et 100% du SNMG (20 000 DA). Le calcul est identique quel que soit le poste.,"['Chlef', 'account director', 'event planning and coordination budget management vendor negotiation venue selection and management timeline and logistics planning marketing and promotion risk management client communication creativity problem-solving attention to detail', 'unemployment_benefits']",Chlef,account director
CHK_00087,faq,unemployment_benefits,Question: Comment renouveler mes allocations chômage à Ghardaïa ? Answer: Pour renouveler à Ghardaïa: présentez-vous au CNAC avant expiration et justifiez vos démarches de recherche d'emploi. Renouvellement semestriel.,Comment renouveler mes allocations chômage à Ghardaïa ?,Pour renouveler à Ghardaïa: présentez-vous au CNAC avant expiration et justifiez vos démarches de recherche d'emploi. Renouvellement semestriel.,"['Ghardaïa', 'data entry clerk', 'network security protocols and technologies firewalls and intrusion detection systems vulnerability assessment and penetration testing security policy development and enforcement incident response and recovery', 'unemployment_benefits']",Ghardaïa,data entry clerk
CHK_00088,faq,unemployment_benefits,"Question: Puis-je toucher les allocations chômage après avoir quitté un poste de software developer ? Answer: Les allocations CNAC ne s'appliquent qu'en cas de licenciement économique, pas de démission. Conditions: 3+ ans cotisation CNAS, âge 30-50 ans.",Puis-je toucher les allocations chômage après avoir quitté un poste de software developer ?,"Les allocations CNAC ne s'appliquent qu'en cas de licenciement économique, pas de démission. Conditions: 3+ ans cotisation CNAS, âge 30-50 ans.","['Tlemcen', 'software developer', 'network security protocols intrusion detection and prevention security incident response firewall administration vulnerability assessment security policies and procedures log analysis ethical hacking problem-solving communication skills attention to detail', 'unemployment_benefits']",Tlemcen,software developer
CHK_00089,faq,unemployment_benefits,Question: Quel est le montant des allocations chômage pour un customer service representative ? Answer: Le montant varie entre 75% et 100% du SNMG (20 000 DA). Le calcul est identique quel que soit le poste.,Quel est le montant des allocations chômage pour un customer service representative ?,Le montant varie entre 75% et 100% du SNMG (20 000 DA). Le calcul est identique quel que soit le poste.,"['Relizane', 'customer service representative', 'international tax law knowledge transfer pricing cross-border tax planning tax treaties and agreements foreign tax credits international tax compliance transfer pricing documentation multinational tax strategies client relationship management communication skills tax software proficiency', 'unemployment_benefits']",Relizane,customer service representative
CHK_00090,faq,youth_programs,"Question: Le dispositif CPE est-il disponible pour un DUT à Tindouf ? Answer: Oui, le CPE est disponible pour les titulaires d'un DUT à Tindouf. Conditions: primo-demandeur, moins de 35 ans. L'État prend en charge 80%.",Le dispositif CPE est-il disponible pour un DUT à Tindouf ?,"Oui, le CPE est disponible pour les titulaires d'un DUT à Tindouf. Conditions: primo-demandeur, moins de 35 ans. L'État prend en charge 80%.","['Tindouf', 'substance abuse counselor', 'html, css, javascript frontend frameworks (e.g., react, angular) user experience (ux)', 'youth_programs']",Tindouf,substance abuse counselor
CHK_00091,faq,youth_programs,"Question: Comment bénéficier de l'ANSEJ avec un projet dans le domaine art teacher ? Answer: Pour créer une entreprise dans art teacher via l'ANSEJ: préparez votre business plan, déposez votre dossier. Conditions: 18-35 ans, projet viable.",Comment bénéficier de l'ANSEJ avec un projet dans le domaine art teacher ?,"Pour créer une entreprise dans art teacher via l'ANSEJ: préparez votre business plan, déposez votre dossier. Conditions: 18-35 ans, projet viable.","['Tizi Ouzou', 'art teacher', 'recruitment process candidate screening applicant tracking systems communication', 'youth_programs']",Tizi Ouzou,art teacher
CHK_00092,faq,youth_programs,"Question: Quelle est la différence entre DAIP et CPE pour un diplômé master ? Answer: Pour un master: le DAIP est un contrat d'insertion généraliste (12 mois), le CPE cible les diplômés universitaires avec meilleure rémunération.",Quelle est la différence entre DAIP et CPE pour un diplômé master ?,"Pour un master: le DAIP est un contrat d'insertion généraliste (12 mois), le CPE cible les diplômés universitaires avec meilleure rémunération.","['Béjaïa', 'supply chain analyst', 'corporate law and regulations contract drafting and negotiation legal research and analysis risk management excellent communication and negotiation skills', 'youth_programs']",Béjaïa,supply chain analyst
CHK_00093,faq,youth_programs,"Question: Y a-t-il des programmes pour les jeunes de Tindouf sans expérience ? Answer: Oui: DAIP, ESIL (emploi de solidarité), et formations INFP gratuites à Tindouf.",Y a-t-il des programmes pour les jeunes de Tindouf sans expérience ?,"Oui: DAIP, ESIL (emploi de solidarité), et formations INFP gratuites à Tindouf.","['Tindouf', 'it manager', 'social science research methods qualitative and quantitative data analysis survey design and implementation ethnographic research interviewing skills research ethics statistical software (e.g., stata, nvivo) report writing communication skills critical thinking empathy', 'youth_programs']",Tindouf,it manager
CHK_00094,faq,youth_programs,"Question: Le dispositif CPE est-il disponible pour un doctorat à Sétif ? Answer: Oui, le CPE est disponible pour les titulaires d'un doctorat à Sétif. Conditions: primo-demandeur, moins de 35 ans. L'État prend en charge 80%.",Le dispositif CPE est-il disponible pour un doctorat à Sétif ?,"Oui, le CPE est disponible pour les titulaires d'un doctorat à Sétif. Conditions: primo-demandeur, moins de 35 ans. L'État prend en charge 80%.","['Sétif', 'mechanical engineer', 'litigation legal research courtroom representation case preparation client counseling legal writing', 'youth_programs']",Sétif,mechanical engineer
CHK_00095,faq,youth_programs,"Question: Comment bénéficier de l'ANSEJ avec un projet dans le domaine structural engineer ? Answer: Pour créer une entreprise dans structural engineer via l'ANSEJ: préparez votre business plan, déposez votre dossier. Conditions: 18-35 ans, projet viable.",Comment bénéficier de l'ANSEJ avec un projet dans le domaine structural engineer ?,"Pour créer une entreprise dans structural engineer via l'ANSEJ: préparez votre business plan, déposez votre dossier. Conditions: 18-35 ans, projet viable.","['El Oued', 'structural engineer', 'social science research methods qualitative and quantitative data analysis survey design and implementation ethnographic research interviewing skills research ethics statistical software (e.g., stata, nvivo) report writing communication skills critical thinking empathy', 'youth_programs']",El Oued,structural engineer
CHK_00096,faq,youth_programs,"Question: Y a-t-il des programmes pour les jeunes de El Oued sans expérience ? Answer: Oui: DAIP, ESIL (emploi de solidarité), et formations INFP gratuites à El Oued.",Y a-t-il des programmes pour les jeunes de El Oued sans expérience ?,"Oui: DAIP, ESIL (emploi de solidarité), et formations INFP gratuites à El Oued.","['El Oued', 'business analyst', 'performance testing load testing stress testing test scenarios performance monitoring benchmarking performance analysis', 'youth_programs']",El Oued,business analyst
CHK_00097,faq,youth_programs,"Question: Le dispositif CPE est-il disponible pour un BTS à Sétif ? Answer: Oui, le CPE est disponible pour les titulaires d'un BTS à Sétif. Conditions: primo-demandeur, moins de 35 ans. L'État prend en charge 80%.",Le dispositif CPE est-il disponible pour un BTS à Sétif ?,"Oui, le CPE est disponible pour les titulaires d'un BTS à Sétif. Conditions: primo-demandeur, moins de 35 ans. L'État prend en charge 80%.","['Sétif', 'chemical analyst', 'content strategy content planning seo optimization content marketing analytics', 'youth_programs']",Sétif,chemical analyst
CHK_00098,faq,youth_programs,"Question: Comment bénéficier de l'ANSEJ avec un projet dans le domaine financial analyst ? Answer: Pour créer une entreprise dans financial analyst via l'ANSEJ: préparez votre business plan, déposez votre dossier. Conditions: 18-35 ans, projet viable.",Comment bénéficier de l'ANSEJ avec un projet dans le domaine financial analyst ?,"Pour créer une entreprise dans financial analyst via l'ANSEJ: préparez votre business plan, déposez votre dossier. Conditions: 18-35 ans, projet viable.","['Blida', 'financial analyst', 'family law divorce proceedings child custody mediation legal counseling court representation', 'youth_programs']",Blida,financial analyst
CHK_00099,faq,youth_programs,"Question: Quelle est la différence entre DAIP et CPE pour un diplômé BTS ? Answer: Pour un BTS: le DAIP est un contrat d'insertion généraliste (12 mois), le CPE cible les diplômés universitaires avec meilleure rémunération.",Quelle est la différence entre DAIP et CPE pour un diplômé BTS ?,"Pour un BTS: le DAIP est un contrat d'insertion généraliste (12 mois), le CPE cible les diplômés universitaires avec meilleure rémunération.","['Relizane', 'financial planner', 'search engine algorithms and ranking factors keyword research and analysis on-page and off-page seo optimization seo tools (e.g., google analytics, semrush) seo content strategy', 'youth_programs']",Relizane,financial planner
CHK_00100,faq,youth_programs,"Question: Y a-t-il des programmes pour les jeunes de Adrar sans expérience ? Answer: Oui: DAIP, ESIL (emploi de solidarité), et formations INFP gratuites à Adrar.",Y a-t-il des programmes pour les jeunes de Adrar sans expérience ?,"Oui: DAIP, ESIL (emploi de solidarité), et formations INFP gratuites à Adrar.","['Adrar', 'investment banker', 'art history and knowledge art curation and exhibition planning collections management art market trends cultural awareness', 'youth_programs']",Adrar,investment banker
CHK_00101,faq,youth_programs,"Question: Le dispositif CPE est-il disponible pour un doctorat à Tindouf ? Answer: Oui, le CPE est disponible pour les titulaires d'un doctorat à Tindouf. Conditions: primo-demandeur, moins de 35 ans. L'État prend en charge 80%.",Le dispositif CPE est-il disponible pour un doctorat à Tindouf ?,"Oui, le CPE est disponible pour les titulaires d'un doctorat à Tindouf. Conditions: primo-demandeur, moins de 35 ans. L'État prend en charge 80%.","['Tindouf', 'speech therapist', 'technical troubleshooting hardware and software support customer service problem-solving communication', 'youth_programs']",Tindouf,speech therapist
CHK_00102,faq,youth_programs,"Question: Comment bénéficier de l'ANSEJ avec un projet dans le domaine event planner ? Answer: Pour créer une entreprise dans event planner via l'ANSEJ: préparez votre business plan, déposez votre dossier. Conditions: 18-35 ans, projet viable.",Comment bénéficier de l'ANSEJ avec un projet dans le domaine event planner ?,"Pour créer une entreprise dans event planner via l'ANSEJ: préparez votre business plan, déposez votre dossier. Conditions: 18-35 ans, projet viable.","['Annaba', 'event planner', 'product branding and marketing product lifecycle management cross-functional team collaboration product launch planning market segmentation and targeting', 'youth_programs']",Annaba,event planner
CHK_00103,faq,youth_programs,"Question: Quelle est la différence entre DAIP et CPE pour un diplômé DUT ? Answer: Pour un DUT: le DAIP est un contrat d'insertion généraliste (12 mois), le CPE cible les diplômés universitaires avec meilleure rémunération.",Quelle est la différence entre DAIP et CPE pour un diplômé DUT ?,"Pour un DUT: le DAIP est un contrat d'insertion généraliste (12 mois), le CPE cible les diplômés universitaires avec meilleure rémunération.","['Tindouf', 'veterinarian', 'pediatric speech therapy speech-language assessment individualized treatment plans child development communication skills', 'youth_programs']",Tindouf,veterinarian
CHK_00104,faq,youth_programs,"Question: Y a-t-il des programmes pour les jeunes de Blida sans expérience ? Answer: Oui: DAIP, ESIL (emploi de solidarité), et formations INFP gratuites à Blida.",Y a-t-il des programmes pour les jeunes de Blida sans expérience ?,"Oui: DAIP, ESIL (emploi de solidarité), et formations INFP gratuites à Blida.","['Blida', 'account executive', 'mechanical engineering cad software (e.g., solidworks, autocad) finite element analysis product development prototyping', 'youth_programs']",Blida,account executive
CHK_00105,faq,youth_programs,"Question: Le dispositif CPE est-il disponible pour un master à Constantine ? Answer: Oui, le CPE est disponible pour les titulaires d'un master à Constantine. Conditions: primo-demandeur, moins de 35 ans. L'État prend en charge 80%.",Le dispositif CPE est-il disponible pour un master à Constantine ?,"Oui, le CPE est disponible pour les titulaires d'un master à Constantine. Conditions: primo-demandeur, moins de 35 ans. L'État prend en charge 80%.","['Constantine', 'database administrator', 'html, css, javascript frontend frameworks (e.g., react, angular) user experience (ux)', 'youth_programs']",Constantine,database administrator
CHK_00106,faq,youth_programs,"Question: Comment bénéficier de l'ANSEJ avec un projet dans le domaine social media coordinator ? Answer: Pour créer une entreprise dans social media coordinator via l'ANSEJ: préparez votre business plan, déposez votre dossier. Conditions: 18-35 ans, projet viable.",Comment bénéficier de l'ANSEJ avec un projet dans le domaine social media coordinator ?,"Pour créer une entreprise dans social media coordinator via l'ANSEJ: préparez votre business plan, déposez votre dossier. Conditions: 18-35 ans, projet viable.","['Tindouf', 'social media coordinator', 'training program coordination training material development learning management systems', 'youth_programs']",Tindouf,social media coordinator
CHK_00107,faq,youth_programs,"Question: Le dispositif CPE est-il disponible pour un BTS à Skikda ? Answer: Oui, le CPE est disponible pour les titulaires d'un BTS à Skikda. Conditions: primo-demandeur, moins de 35 ans. L'État prend en charge 80%.",Le dispositif CPE est-il disponible pour un BTS à Skikda ?,"Oui, le CPE est disponible pour les titulaires d'un BTS à Skikda. Conditions: primo-demandeur, moins de 35 ans. L'État prend en charge 80%.","['Skikda', 'wedding planner', 'human resources recruitment employee onboarding hris (hr information systems) record keeping communication skills', 'youth_programs']",Skikda,wedding planner
CHK_00108,faq,youth_programs,"Question: Comment bénéficier de l'ANSEJ avec un projet dans le domaine business development manager ? Answer: Pour créer une entreprise dans business development manager via l'ANSEJ: préparez votre business plan, déposez votre dossier. Conditions: 18-35 ans, projet viable.",Comment bénéficier de l'ANSEJ avec un projet dans le domaine business development manager ?,"Pour créer une entreprise dans business development manager via l'ANSEJ: préparez votre business plan, déposez votre dossier. Conditions: 18-35 ans, projet viable.","['Béjaïa', 'business development manager', 'acute care nursing emergency medicine critical care diagnostic tests treatment planning', 'youth_programs']",Béjaïa,business development manager
CHK_00109,faq,youth_programs,"Question: Quelle est la différence entre DAIP et CPE pour un diplômé ingéniorat ? Answer: Pour un ingéniorat: le DAIP est un contrat d'insertion généraliste (12 mois), le CPE cible les diplômés universitaires avec meilleure rémunération.",Quelle est la différence entre DAIP et CPE pour un diplômé ingéniorat ?,"Pour un ingéniorat: le DAIP est un contrat d'insertion généraliste (12 mois), le CPE cible les diplômés universitaires avec meilleure rémunération.","['Tizi Ouzou', 'front-end engineer', 'quality assurance quality control process improvement audit procedures compliance standards root cause analysis', 'youth_programs']",Tizi Ouzou,front-end engineer
CHK_00110,faq,youth_programs,"Question: Y a-t-il des programmes pour les jeunes de Tamanrasset sans expérience ? Answer: Oui: DAIP, ESIL (emploi de solidarité), et formations INFP gratuites à Tamanrasset.",Y a-t-il des programmes pour les jeunes de Tamanrasset sans expérience ?,"Oui: DAIP, ESIL (emploi de solidarité), et formations INFP gratuites à Tamanrasset.","['Tamanrasset', 'research analyst', 'corporate law and regulations contract drafting and negotiation legal research and analysis risk management excellent communication and negotiation skills', 'youth_programs']",Tamanrasset,research analyst
CHK_00111,faq,youth_programs,"Question: Le dispositif CPE est-il disponible pour un master à Skikda ? Answer: Oui, le CPE est disponible pour les titulaires d'un master à Skikda. Conditions: primo-demandeur, moins de 35 ans. L'État prend en charge 80%.",Le dispositif CPE est-il disponible pour un master à Skikda ?,"Oui, le CPE est disponible pour les titulaires d'un master à Skikda. Conditions: primo-demandeur, moins de 35 ans. L'État prend en charge 80%.","['Skikda', 'veterinarian', 'search engine algorithms and ranking factors keyword research and analysis on-page and off-page seo optimization seo tools (e.g., google analytics, semrush) seo content strategy', 'youth_programs']",Skikda,veterinarian
CHK_00112,faq,youth_programs,"Question: Comment bénéficier de l'ANSEJ avec un projet dans le domaine nurse practitioner ? Answer: Pour créer une entreprise dans nurse practitioner via l'ANSEJ: préparez votre business plan, déposez votre dossier. Conditions: 18-35 ans, projet viable.",Comment bénéficier de l'ANSEJ avec un projet dans le domaine nurse practitioner ?,"Pour créer une entreprise dans nurse practitioner via l'ANSEJ: préparez votre business plan, déposez votre dossier. Conditions: 18-35 ans, projet viable.","['Batna', 'nurse practitioner', 'legal administrative tasks document management calendar and docketing transcription file organization communication with clients and courts knowledge of legal terminology attention to detail multitasking computer skills (e.g., ms office)', 'youth_programs']",Batna,nurse practitioner
CHK_00113,faq,youth_programs,"Question: Y a-t-il des programmes pour les jeunes de Tipaza sans expérience ? Answer: Oui: DAIP, ESIL (emploi de solidarité), et formations INFP gratuites à Tipaza.",Y a-t-il des programmes pour les jeunes de Tipaza sans expérience ?,"Oui: DAIP, ESIL (emploi de solidarité), et formations INFP gratuites à Tipaza.","['Tipaza', 'event planner', 'wedding planning vendor coordination event management', 'youth_programs']",Tipaza,event planner
CHK_00114,faq,youth_programs,"Question: Le dispositif CPE est-il disponible pour un DUT à Sétif ? Answer: Oui, le CPE est disponible pour les titulaires d'un DUT à Sétif. Conditions: primo-demandeur, moins de 35 ans. L'État prend en charge 80%.",Le dispositif CPE est-il disponible pour un DUT à Sétif ?,"Oui, le CPE est disponible pour les titulaires d'un DUT à Sétif. Conditions: primo-demandeur, moins de 35 ans. L'État prend en charge 80%.","['Sétif', 'technical writer', 'art history and knowledge art curation and exhibition planning collections management art market trends cultural awareness', 'youth_programs']",Sétif,technical writer
CHK_00115,faq,youth_programs,"Question: Comment bénéficier de l'ANSEJ avec un projet dans le domaine copywriter ? Answer: Pour créer une entreprise dans copywriter via l'ANSEJ: préparez votre business plan, déposez votre dossier. Conditions: 18-35 ans, projet viable.",Comment bénéficier de l'ANSEJ avec un projet dans le domaine copywriter ?,"Pour créer une entreprise dans copywriter via l'ANSEJ: préparez votre business plan, déposez votre dossier. Conditions: 18-35 ans, projet viable.","['Skikda', 'copywriter', 'email deliverability best practices spam filter testing list hygiene blacklist monitoring email authentication (e.g., spf, dkim) deliverability metrics analysis troubleshooting deliverability issues communication skills data analysis attention to detail', 'youth_programs']",Skikda,copywriter
CHK_00116,faq,youth_programs,"Question: Y a-t-il des programmes pour les jeunes de Skikda sans expérience ? Answer: Oui: DAIP, ESIL (emploi de solidarité), et formations INFP gratuites à Skikda.",Y a-t-il des programmes pour les jeunes de Skikda sans expérience ?,"Oui: DAIP, ESIL (emploi de solidarité), et formations INFP gratuites à Skikda.","['Skikda', 'environmental consultant', 'data analysis and visualization tools (e.g., tableau, power bi) sql and database querying business intelligence concepts data modeling and reporting strong analytical and problem-solving skills data-driven decision-making', 'youth_programs']",Skikda,environmental consultant
CHK_00117,faq,youth_programs,"Question: Le dispositif CPE est-il disponible pour un BTS à Laghouat ? Answer: Oui, le CPE est disponible pour les titulaires d'un BTS à Laghouat. Conditions: primo-demandeur, moins de 35 ans. L'État prend en charge 80%.",Le dispositif CPE est-il disponible pour un BTS à Laghouat ?,"Oui, le CPE est disponible pour les titulaires d'un BTS à Laghouat. Conditions: primo-demandeur, moins de 35 ans. L'État prend en charge 80%.","['Laghouat', 'copywriter', 'mobile app development languages (e.g., java, swift, kotlin) cross-platform development (e.g., react native, flutter) mobile app design principles apis and web services integration debugging and troubleshooting', 'youth_programs']",Laghouat,copywriter
CHK_00118,faq,youth_programs,"Question: Comment bénéficier de l'ANSEJ avec un projet dans le domaine front-end engineer ? Answer: Pour créer une entreprise dans front-end engineer via l'ANSEJ: préparez votre business plan, déposez votre dossier. Conditions: 18-35 ans, projet viable.",Comment bénéficier de l'ANSEJ avec un projet dans le domaine front-end engineer ?,"Pour créer une entreprise dans front-end engineer via l'ANSEJ: préparez votre business plan, déposez votre dossier. Conditions: 18-35 ans, projet viable.","['Algiers', 'front-end engineer', 'construction management budgeting contract negotiation safety regulations', 'youth_programs']",Algiers,front-end engineer
CHK_00119,faq,youth_programs,"Question: Quelle est la différence entre DAIP et CPE pour un diplômé licence ? Answer: Pour un licence: le DAIP est un contrat d'insertion généraliste (12 mois), le CPE cible les diplômés universitaires avec meilleure rémunération.",Quelle est la différence entre DAIP et CPE pour un diplômé licence ?,"Pour un licence: le DAIP est un contrat d'insertion généraliste (12 mois), le CPE cible les diplômés universitaires avec meilleure rémunération.","['Adrar', 'event coordinator', 'demand forecasting inventory management data analysis sales and operations planning (s&op) erp software proficiency', 'youth_programs']",Adrar,event coordinator
CHK_00120,faq,discrimination,"Question: Que faire si je suis refusé à cause de ma wilaya d'origine (Ghardaïa) ? Answer: La discrimination basée sur la wilaya est illégale. Conservez les preuves, signalez à l'ANEM et déposez plainte à l'Inspection du Travail.",Que faire si je suis refusé à cause de ma wilaya d'origine (Ghardaïa) ?,"La discrimination basée sur la wilaya est illégale. Conservez les preuves, signalez à l'ANEM et déposez plainte à l'Inspection du Travail.","['Ghardaïa', 'electrical engineer', 'proficiency in one or more backend programming languages (e.g., java, python, node.js, ruby) api development database management (sql or nosql) server management and deployment security best practices knowledge of web frameworks (e.g., express, django)', 'discrimination']",Ghardaïa,electrical engineer
CHK_00121,faq,discrimination,"Question: Une entreprise peut-elle refuser une femme pour le poste de supply chain analyst ? Answer: Non, refuser une femme pour supply chain analyst en raison de son genre est illégal. Signalez à l'ANEM et à l'Inspection du Travail. Conservez tout échange écrit.",Une entreprise peut-elle refuser une femme pour le poste de supply chain analyst ?,"Non, refuser une femme pour supply chain analyst en raison de son genre est illégal. Signalez à l'ANEM et à l'Inspection du Travail. Conservez tout échange écrit.","['Adrar', 'supply chain analyst', 'international tax law knowledge transfer pricing cross-border tax planning tax treaties and agreements foreign tax credits international tax compliance transfer pricing documentation multinational tax strategies client relationship management communication skills tax software proficiency', 'discrimination']",Adrar,supply chain analyst
CHK_00122,faq,discrimination,"Question: Le recrutement IA peut-il discriminer selon le nom ou la wilaya ? Answer: C'est un risque réel. Si vous suspectez un biais algorithmique, demandez une révision humaine de votre dossier auprès de l'employeur.",Le recrutement IA peut-il discriminer selon le nom ou la wilaya ?,"C'est un risque réel. Si vous suspectez un biais algorithmique, demandez une révision humaine de votre dossier auprès de l'employeur.","['Tizi Ouzou', 'speech therapist', 'records management data entry and retrieval attention to detail', 'discrimination']",Tizi Ouzou,speech therapist
CHK_00123,faq,discrimination,"Question: Mon nom peut-il influencer négativement ma candidature pour customer support specialist ? Answer: Légalement non, mais des biais existent en pratique. Concentrez-vous sur vos compétences en demand forecasting inventory management data analysis sales and operations planning (s&op) erp software proficiency.",Mon nom peut-il influencer négativement ma candidature pour customer support specialist ?,"Légalement non, mais des biais existent en pratique. Concentrez-vous sur vos compétences en demand forecasting inventory management data analysis sales and operations planning (s&op) erp software proficiency.","['Tizi Ouzou', 'customer support specialist', 'demand forecasting inventory management data analysis sales and operations planning (s&op) erp software proficiency', 'discrimination']",Tizi Ouzou,customer support specialist
CHK_00124,faq,discrimination,"Question: Comment prouver une discrimination à l'embauche à Tindouf ? Answer: Pour prouver une discrimination à Tindouf: conservez les refus écrits, cherchez des témoins, déposez plainte à l'Inspection du Travail. Délai de prescription: 3 ans.",Comment prouver une discrimination à l'embauche à Tindouf ?,"Pour prouver une discrimination à Tindouf: conservez les refus écrits, cherchez des témoins, déposez plainte à l'Inspection du Travail. Délai de prescription: 3 ans.","['Tindouf', 'event manager', 'social science research methods qualitative and quantitative data analysis survey design and implementation ethnographic research interviewing skills research ethics statistical software (e.g., stata, nvivo) report writing communication skills critical thinking empathy', 'discrimination']",Tindouf,event manager
CHK_00125,faq,discrimination,"Question: Que faire si je suis refusé à cause de ma wilaya d'origine (Skikda) ? Answer: La discrimination basée sur la wilaya est illégale. Conservez les preuves, signalez à l'ANEM et déposez plainte à l'Inspection du Travail.",Que faire si je suis refusé à cause de ma wilaya d'origine (Skikda) ?,"La discrimination basée sur la wilaya est illégale. Conservez les preuves, signalez à l'ANEM et déposez plainte à l'Inspection du Travail.","['Skikda', 'process engineer', 'financial analysis data analysis financial modeling', 'discrimination']",Skikda,process engineer
CHK_00126,faq,discrimination,"Question: Une entreprise peut-elle refuser une femme pour le poste de sales consultant ? Answer: Non, refuser une femme pour sales consultant en raison de son genre est illégal. Signalez à l'ANEM et à l'Inspection du Travail. Conservez tout échange écrit.",Une entreprise peut-elle refuser une femme pour le poste de sales consultant ?,"Non, refuser une femme pour sales consultant en raison de son genre est illégal. Signalez à l'ANEM et à l'Inspection du Travail. Conservez tout échange écrit.","['Tipaza', 'sales consultant', 'procurement strategies supplier management negotiation cost analysis supply chain management', 'discrimination']",Tipaza,sales consultant
CHK_00127,faq,discrimination,"Question: Mon nom peut-il influencer négativement ma candidature pour business analyst ? Answer: Légalement non, mais des biais existent en pratique. Concentrez-vous sur vos compétences en recruitment process candidate screening applicant tracking systems communication.",Mon nom peut-il influencer négativement ma candidature pour business analyst ?,"Légalement non, mais des biais existent en pratique. Concentrez-vous sur vos compétences en recruitment process candidate screening applicant tracking systems communication.","['Tamanrasset', 'business analyst', 'recruitment process candidate screening applicant tracking systems communication', 'discrimination']",Tamanrasset,business analyst
CHK_00128,faq,discrimination,"Question: Comment prouver une discrimination à l'embauche à Ghardaïa ? Answer: Pour prouver une discrimination à Ghardaïa: conservez les refus écrits, cherchez des témoins, déposez plainte à l'Inspection du Travail. Délai de prescription: 3 ans.",Comment prouver une discrimination à l'embauche à Ghardaïa ?,"Pour prouver une discrimination à Ghardaïa: conservez les refus écrits, cherchez des témoins, déposez plainte à l'Inspection du Travail. Délai de prescription: 3 ans.","['Ghardaïa', 'data entry clerk', 'family law divorce proceedings child custody mediation legal counseling court representation', 'discrimination']",Ghardaïa,data entry clerk
CHK_00129,faq,discrimination,"Question: Que faire si je suis refusé à cause de ma wilaya d'origine (Sétif) ? Answer: La discrimination basée sur la wilaya est illégale. Conservez les preuves, signalez à l'ANEM et déposez plainte à l'Inspection du Travail.",Que faire si je suis refusé à cause de ma wilaya d'origine (Sétif) ?,"La discrimination basée sur la wilaya est illégale. Conservez les preuves, signalez à l'ANEM et déposez plainte à l'Inspection du Travail.","['Sétif', 'brand manager', 'financial reporting accounting software (e.g., quickbooks) auditing gaap knowledge', 'discrimination']",Sétif,brand manager
CHK_00130,faq,discrimination,"Question: Une entreprise peut-elle refuser une femme pour le poste de legal counsel ? Answer: Non, refuser une femme pour legal counsel en raison de son genre est illégal. Signalez à l'ANEM et à l'Inspection du Travail. Conservez tout échange écrit.",Une entreprise peut-elle refuser une femme pour le poste de legal counsel ?,"Non, refuser une femme pour legal counsel en raison de son genre est illégal. Signalez à l'ANEM et à l'Inspection du Travail. Conservez tout échange écrit.","['Relizane', 'legal counsel', 'supply chain analysis data analytics inventory management transportation planning problem-solving', 'discrimination']",Relizane,legal counsel
CHK_00131,faq,discrimination,"Question: Mon nom peut-il influencer négativement ma candidature pour software architect ? Answer: Légalement non, mais des biais existent en pratique. Concentrez-vous sur vos compétences en nursing care patient assessment medical knowledge.",Mon nom peut-il influencer négativement ma candidature pour software architect ?,"Légalement non, mais des biais existent en pratique. Concentrez-vous sur vos compétences en nursing care patient assessment medical knowledge.","['Laghouat', 'software architect', 'nursing care patient assessment medical knowledge', 'discrimination']",Laghouat,software architect
CHK_00132,faq,discrimination,"Question: Comment prouver une discrimination à l'embauche à Laghouat ? Answer: Pour prouver une discrimination à Laghouat: conservez les refus écrits, cherchez des témoins, déposez plainte à l'Inspection du Travail. Délai de prescription: 3 ans.",Comment prouver une discrimination à l'embauche à Laghouat ?,"Pour prouver une discrimination à Laghouat: conservez les refus écrits, cherchez des témoins, déposez plainte à l'Inspection du Travail. Délai de prescription: 3 ans.","['Laghouat', 'tax consultant', 'art education curriculum program development teacher training communication skills artistic expertise', 'discrimination']",Laghouat,tax consultant
CHK_00133,faq,discrimination,"Question: Que faire si je suis refusé à cause de ma wilaya d'origine (Adrar) ? Answer: La discrimination basée sur la wilaya est illégale. Conservez les preuves, signalez à l'ANEM et déposez plainte à l'Inspection du Travail.",Que faire si je suis refusé à cause de ma wilaya d'origine (Adrar) ?,"La discrimination basée sur la wilaya est illégale. Conservez les preuves, signalez à l'ANEM et déposez plainte à l'Inspection du Travail.","['Adrar', 'back-end developer', 'international tax law knowledge transfer pricing cross-border tax planning tax treaties and agreements foreign tax credits international tax compliance transfer pricing documentation multinational tax strategies client relationship management communication skills tax software proficiency', 'discrimination']",Adrar,back-end developer
CHK_00134,faq,discrimination,"Question: Une entreprise peut-elle refuser une femme pour le poste de content writer ? Answer: Non, refuser une femme pour content writer en raison de son genre est illégal. Signalez à l'ANEM et à l'Inspection du Travail. Conservez tout échange écrit.",Une entreprise peut-elle refuser une femme pour le poste de content writer ?,"Non, refuser une femme pour content writer en raison de son genre est illégal. Signalez à l'ANEM et à l'Inspection du Travail. Conservez tout échange écrit.","['Algiers', 'content writer', 'supply chain logistics inventory management communication skills problem-solving vendor coordination', 'discrimination']",Algiers,content writer
CHK_00135,faq,discrimination,"Question: Mon nom peut-il influencer négativement ma candidature pour social media manager ? Answer: Légalement non, mais des biais existent en pratique. Concentrez-vous sur vos compétences en financial reporting accounting software (e.g., quickbooks) auditing gaap knowledge.",Mon nom peut-il influencer négativement ma candidature pour social media manager ?,"Légalement non, mais des biais existent en pratique. Concentrez-vous sur vos compétences en financial reporting accounting software (e.g., quickbooks) auditing gaap knowledge.","['Blida', 'social media manager', 'financial reporting accounting software (e.g., quickbooks) auditing gaap knowledge', 'discrimination']",Blida,social media manager
CHK_00136,faq,discrimination,"Question: Comment prouver une discrimination à l'embauche à Tipaza ? Answer: Pour prouver une discrimination à Tipaza: conservez les refus écrits, cherchez des témoins, déposez plainte à l'Inspection du Travail. Délai de prescription: 3 ans.",Comment prouver une discrimination à l'embauche à Tipaza ?,"Pour prouver une discrimination à Tipaza: conservez les refus écrits, cherchez des témoins, déposez plainte à l'Inspection du Travail. Délai de prescription: 3 ans.","['Tipaza', 'social media coordinator', 'agile methodologies scrum or kanban team collaboration agile tools (e.g., jira)', 'discrimination']",Tipaza,social media coordinator
CHK_00137,faq,discrimination,"Question: Une entreprise peut-elle refuser une femme pour le poste de qa analyst ? Answer: Non, refuser une femme pour qa analyst en raison de son genre est illégal. Signalez à l'ANEM et à l'Inspection du Travail. Conservez tout échange écrit.",Une entreprise peut-elle refuser une femme pour le poste de qa analyst ?,"Non, refuser une femme pour qa analyst en raison de son genre est illégal. Signalez à l'ANEM et à l'Inspection du Travail. Conservez tout échange écrit.","['Béjaïa', 'qa analyst', 'creative writing copywriting advertising copy content creation brand storytelling marketing campaigns proofreading and editing', 'discrimination']",Béjaïa,qa analyst
CHK_00138,faq,discrimination,"Question: Mon nom peut-il influencer négativement ma candidature pour copywriter ? Answer: Légalement non, mais des biais existent en pratique. Concentrez-vous sur vos compétences en procurement strategies supplier management negotiation cost analysis supply chain management.",Mon nom peut-il influencer négativement ma candidature pour copywriter ?,"Légalement non, mais des biais existent en pratique. Concentrez-vous sur vos compétences en procurement strategies supplier management negotiation cost analysis supply chain management.","['Blida', 'copywriter', 'procurement strategies supplier management negotiation cost analysis supply chain management', 'discrimination']",Blida,copywriter
CHK_00139,faq,discrimination,"Question: Comment prouver une discrimination à l'embauche à Relizane ? Answer: Pour prouver une discrimination à Relizane: conservez les refus écrits, cherchez des témoins, déposez plainte à l'Inspection du Travail. Délai de prescription: 3 ans.",Comment prouver une discrimination à l'embauche à Relizane ?,"Pour prouver une discrimination à Relizane: conservez les refus écrits, cherchez des témoins, déposez plainte à l'Inspection du Travail. Délai de prescription: 3 ans.","['Relizane', 'event planner', 'demand forecasting inventory management data analysis sales and operations planning (s&op) erp software proficiency', 'discrimination']",Relizane,event planner
CHK_00140,faq,discrimination,"Question: Une entreprise peut-elle refuser une femme pour le poste de ux/ui designer ? Answer: Non, refuser une femme pour ux/ui designer en raison de son genre est illégal. Signalez à l'ANEM et à l'Inspection du Travail. Conservez tout échange écrit.",Une entreprise peut-elle refuser une femme pour le poste de ux/ui designer ?,"Non, refuser une femme pour ux/ui designer en raison de son genre est illégal. Signalez à l'ANEM et à l'Inspection du Travail. Conservez tout échange écrit.","['Algiers', 'ux/ui designer', 'email deliverability best practices spam filter testing list hygiene blacklist monitoring email authentication (e.g., spf, dkim) deliverability metrics analysis troubleshooting deliverability issues communication skills data analysis attention to detail', 'discrimination']",Algiers,ux/ui designer
CHK_00141,faq,discrimination,"Question: Mon nom peut-il influencer négativement ma candidature pour litigation attorney ? Answer: Légalement non, mais des biais existent en pratique. Concentrez-vous sur vos compétences en financial reporting accounting software (e.g., quickbooks) auditing gaap knowledge.",Mon nom peut-il influencer négativement ma candidature pour litigation attorney ?,"Légalement non, mais des biais existent en pratique. Concentrez-vous sur vos compétences en financial reporting accounting software (e.g., quickbooks) auditing gaap knowledge.","['Ghardaïa', 'litigation attorney', 'financial reporting accounting software (e.g., quickbooks) auditing gaap knowledge', 'discrimination']",Ghardaïa,litigation attorney
CHK_00142,faq,discrimination,"Question: Comment prouver une discrimination à l'embauche à Adrar ? Answer: Pour prouver une discrimination à Adrar: conservez les refus écrits, cherchez des témoins, déposez plainte à l'Inspection du Travail. Délai de prescription: 3 ans.",Comment prouver une discrimination à l'embauche à Adrar ?,"Pour prouver une discrimination à Adrar: conservez les refus écrits, cherchez des témoins, déposez plainte à l'Inspection du Travail. Délai de prescription: 3 ans.","['Adrar', 'hr generalist', 'procurement processes vendor assessment contract negotiation purchase order management spend analysis market research supplier relationship management data analysis problem-solving attention to detail communication skills financial acumen', 'discrimination']",Adrar,hr generalist
CHK_00143,faq,discrimination,"Question: Que faire si je suis refusé à cause de ma wilaya d'origine (Annaba) ? Answer: La discrimination basée sur la wilaya est illégale. Conservez les preuves, signalez à l'ANEM et déposez plainte à l'Inspection du Travail.",Que faire si je suis refusé à cause de ma wilaya d'origine (Annaba) ?,"La discrimination basée sur la wilaya est illégale. Conservez les preuves, signalez à l'ANEM et déposez plainte à l'Inspection du Travail.","['Annaba', 'structural engineer', 'wedding planning vendor coordination event management', 'discrimination']",Annaba,structural engineer
CHK_00144,faq,discrimination,"Question: Une entreprise peut-elle refuser une femme pour le poste de landscape architect ? Answer: Non, refuser une femme pour landscape architect en raison de son genre est illégal. Signalez à l'ANEM et à l'Inspection du Travail. Conservez tout échange écrit.",Une entreprise peut-elle refuser une femme pour le poste de landscape architect ?,"Non, refuser une femme pour landscape architect en raison de son genre est illégal. Signalez à l'ANEM et à l'Inspection du Travail. Conservez tout échange écrit.","['Tamanrasset', 'landscape architect', 'content strategy content planning seo optimization content marketing analytics', 'discrimination']",Tamanrasset,landscape architect
CHK_00145,faq,discrimination,"Question: Mon nom peut-il influencer négativement ma candidature pour it support specialist ? Answer: Légalement non, mais des biais existent en pratique. Concentrez-vous sur vos compétences en training program coordination training material development learning management systems.",Mon nom peut-il influencer négativement ma candidature pour it support specialist ?,"Légalement non, mais des biais existent en pratique. Concentrez-vous sur vos compétences en training program coordination training material development learning management systems.","['Sétif', 'it support specialist', 'training program coordination training material development learning management systems', 'discrimination']",Sétif,it support specialist
CHK_00146,faq,discrimination,"Question: Que faire si je suis refusé à cause de ma wilaya d'origine (Tipaza) ? Answer: La discrimination basée sur la wilaya est illégale. Conservez les preuves, signalez à l'ANEM et déposez plainte à l'Inspection du Travail.",Que faire si je suis refusé à cause de ma wilaya d'origine (Tipaza) ?,"La discrimination basée sur la wilaya est illégale. Conservez les preuves, signalez à l'ANEM et déposez plainte à l'Inspection du Travail.","['Tipaza', 'front-end engineer', 'inventory management stock control demand forecasting inventory tracking systems supply chain coordination problem-solving skills', 'discrimination']",Tipaza,front-end engineer
CHK_00147,faq,discrimination,"Question: Une entreprise peut-elle refuser une femme pour le poste de financial planner ? Answer: Non, refuser une femme pour financial planner en raison de son genre est illégal. Signalez à l'ANEM et à l'Inspection du Travail. Conservez tout échange écrit.",Une entreprise peut-elle refuser une femme pour le poste de financial planner ?,"Non, refuser une femme pour financial planner en raison de son genre est illégal. Signalez à l'ANEM et à l'Inspection du Travail. Conservez tout échange écrit.","['Chlef', 'financial planner', 'construction management budgeting contract negotiation safety regulations', 'discrimination']",Chlef,financial planner
CHK_00148,faq,discrimination,"Question: Mon nom peut-il influencer négativement ma candidature pour event manager ? Answer: Légalement non, mais des biais existent en pratique. Concentrez-vous sur vos compétences en family law divorce proceedings child custody mediation legal counseling court representation.",Mon nom peut-il influencer négativement ma candidature pour event manager ?,"Légalement non, mais des biais existent en pratique. Concentrez-vous sur vos compétences en family law divorce proceedings child custody mediation legal counseling court representation.","['Tamanrasset', 'event manager', 'family law divorce proceedings child custody mediation legal counseling court representation', 'discrimination']",Tamanrasset,event manager
CHK_00149,faq,discrimination,"Question: Que faire si je suis refusé à cause de ma wilaya d'origine (Tindouf) ? Answer: La discrimination basée sur la wilaya est illégale. Conservez les preuves, signalez à l'ANEM et déposez plainte à l'Inspection du Travail.",Que faire si je suis refusé à cause de ma wilaya d'origine (Tindouf) ?,"La discrimination basée sur la wilaya est illégale. Conservez les preuves, signalez à l'ANEM et déposez plainte à l'Inspection du Travail.","['Tindouf', 'ux researcher', 'electrical engineering circuit design electronics autocad proficiency problem-solving', 'discrimination']",Tindouf,ux researcher
CHK_00150,faq,salary_rights,"Question: Quel est le salaire moyen pour un database administrator à Blida ? Answer: Le salaire d'un database administrator à Blida varie selon l'expérience. Avec 6-9 years, la fourchette se situe entre 45 000 et 120 000 DZD.",Quel est le salaire moyen pour un database administrator à Blida ?,"Le salaire d'un database administrator à Blida varie selon l'expérience. Avec 6-9 years, la fourchette se situe entre 45 000 et 120 000 DZD.","['Blida', 'database administrator', 'wedding planning vendor coordination event management', 'salary_rights']",Blida,database administrator
CHK_00151,faq,salary_rights,"Question: Le SNMG s'applique-t-il aux contrats DAIP ? Answer: Oui, le SNMG (20 000 DZD) s'applique à tous les contrats DAIP. En cas de non-respect, signalez à l'Inspection du Travail.",Le SNMG s'applique-t-il aux contrats DAIP ?,"Oui, le SNMG (20 000 DZD) s'applique à tous les contrats DAIP. En cas de non-respect, signalez à l'Inspection du Travail.","['Béjaïa', 'nurse manager', 'acute care nursing emergency medicine critical care diagnostic tests treatment planning', 'salary_rights']",Béjaïa,nurse manager
CHK_00152,faq,salary_rights,Question: Mes compétences en procurement processes vendor assessment contract negotiation purchase order management spend analysis market research supplier relationship management data analysis problem-solving attention to detail communication skills financial acumen justifient-elles un salaire supérieur au SNMG ? Answer: Les compétences spécialisées comme procurement processes vendor assessment contract negotiation purchase order management spend analysis market research supplier relationship management data analysis problem-solving attention to detail communication skills financial acumen justifient généralement une rémunération supérieure au SNMG.,Mes compétences en procurement processes vendor assessment contract negotiation purchase order management spend analysis market research supplier relationship management data analysis problem-solving attention to detail communication skills financial acumen justifient-elles un salaire supérieur au SNMG ?,Les compétences spécialisées comme procurement processes vendor assessment contract negotiation purchase order management spend analysis market research supplier relationship management data analysis problem-solving attention to detail communication skills financial acumen justifient généralement une rémunération supérieure au SNMG.,"['Chlef', 'mechanical engineer', 'procurement processes vendor assessment contract negotiation purchase order management spend analysis market research supplier relationship management data analysis problem-solving attention to detail communication skills financial acumen', 'salary_rights']",Chlef,mechanical engineer
CHK_00153,faq,salary_rights,"Question: Quel est le salaire moyen pour un market research analyst à Chlef ? Answer: Le salaire d'un market research analyst à Chlef varie selon l'expérience. Avec 0-1 years, la fourchette se situe entre 45 000 et 120 000 DZD.",Quel est le salaire moyen pour un market research analyst à Chlef ?,"Le salaire d'un market research analyst à Chlef varie selon l'expérience. Avec 0-1 years, la fourchette se situe entre 45 000 et 120 000 DZD.","['Chlef', 'market research analyst', 'it systems analysis troubleshooting it support and documentation', 'salary_rights']",Chlef,market research analyst
CHK_00154,faq,salary_rights,"Question: Le SNMG s'applique-t-il aux contrats stage ? Answer: Oui, le SNMG (20 000 DZD) s'applique à tous les contrats stage. En cas de non-respect, signalez à l'Inspection du Travail.",Le SNMG s'applique-t-il aux contrats stage ?,"Oui, le SNMG (20 000 DZD) s'applique à tous les contrats stage. En cas de non-respect, signalez à l'Inspection du Travail.","['Chlef', 'account manager', 'sql (structured query language) database design query optimization data modeling database maintenance problem-solving skills', 'salary_rights']",Chlef,account manager
CHK_00155,faq,salary_rights,Question: Mes compétences en it systems analysis troubleshooting it support and documentation justifient-elles un salaire supérieur au SNMG ? Answer: Les compétences spécialisées comme it systems analysis troubleshooting it support and documentation justifient généralement une rémunération supérieure au SNMG.,Mes compétences en it systems analysis troubleshooting it support and documentation justifient-elles un salaire supérieur au SNMG ?,Les compétences spécialisées comme it systems analysis troubleshooting it support and documentation justifient généralement une rémunération supérieure au SNMG.,"['Tindouf', 'investment analyst', 'it systems analysis troubleshooting it support and documentation', 'salary_rights']",Tindouf,investment analyst
CHK_00156,faq,salary_rights,"Question: Quel est le salaire moyen pour un business analyst à Tamanrasset ? Answer: Le salaire d'un business analyst à Tamanrasset varie selon l'expérience. Avec 15+ years, la fourchette se situe entre 45 000 et 120 000 DZD.",Quel est le salaire moyen pour un business analyst à Tamanrasset ?,"Le salaire d'un business analyst à Tamanrasset varie selon l'expérience. Avec 15+ years, la fourchette se situe entre 45 000 et 120 000 DZD.","['Tamanrasset', 'business analyst', 'content creation (e.g., writing, editing, graphic design, video production) content marketing social media management seo optimization creative storytelling audience engagement analytics and reporting adaptability communication skills creativity', 'salary_rights']",Tamanrasset,business analyst
CHK_00157,faq,salary_rights,"Question: Le SNMG s'applique-t-il aux contrats CDI ? Answer: Oui, le SNMG (20 000 DZD) s'applique à tous les contrats CDI. En cas de non-respect, signalez à l'Inspection du Travail.",Le SNMG s'applique-t-il aux contrats CDI ?,"Oui, le SNMG (20 000 DZD) s'applique à tous les contrats CDI. En cas de non-respect, signalez à l'Inspection du Travail.","['Tipaza', 'event manager', 'event planning vendor coordination budget management marketing and promotion logistics', 'salary_rights']",Tipaza,event manager
CHK_00158,faq,salary_rights,Question: Mes compétences en art education curriculum program development teacher training communication skills artistic expertise justifient-elles un salaire supérieur au SNMG ? Answer: Les compétences spécialisées comme art education curriculum program development teacher training communication skills artistic expertise justifient généralement une rémunération supérieure au SNMG.,Mes compétences en art education curriculum program development teacher training communication skills artistic expertise justifient-elles un salaire supérieur au SNMG ?,Les compétences spécialisées comme art education curriculum program development teacher training communication skills artistic expertise justifient généralement une rémunération supérieure au SNMG.,"['Tindouf', 'email marketing specialist', 'art education curriculum program development teacher training communication skills artistic expertise', 'salary_rights']",Tindouf,email marketing specialist
CHK_00159,faq,salary_rights,"Question: Quel est le salaire moyen pour un procurement manager à Béjaïa ? Answer: Le salaire d'un procurement manager à Béjaïa varie selon l'expérience. Avec 0-1 years, la fourchette se situe entre 45 000 et 120 000 DZD.",Quel est le salaire moyen pour un procurement manager à Béjaïa ?,"Le salaire d'un procurement manager à Béjaïa varie selon l'expérience. Avec 0-1 years, la fourchette se situe entre 45 000 et 120 000 DZD.","['Béjaïa', 'procurement manager', 'writing skills content creation seo knowledge research skills grammar and proofreading', 'salary_rights']",Béjaïa,procurement manager
CHK_00160,faq,salary_rights,"Question: Mes compétences en ui design principles and best practices graphic design tools (e.g., adobe photoshop, illustrator) typography and color theory visual design and layout responsive design justifient-elles un salaire supérieur au SNMG ? Answer: Les compétences spécialisées comme ui design principles and best practices graphic design tools (e.g., adobe photoshop, illustrator) typography and color theory visual design and layout responsive design justifient généralement une rémunération supérieure au SNMG.","Mes compétences en ui design principles and best practices graphic design tools (e.g., adobe photoshop, illustrator) typography and color theory visual design and layout responsive design justifient-elles un salaire supérieur au SNMG ?","Les compétences spécialisées comme ui design principles and best practices graphic design tools (e.g., adobe photoshop, illustrator) typography and color theory visual design and layout responsive design justifient généralement une rémunération supérieure au SNMG.","['Chlef', 'network administrator', 'ui design principles and best practices graphic design tools (e.g., adobe photoshop, illustrator) typography and color theory visual design and layout responsive design', 'salary_rights']",Chlef,network administrator
CHK_00161,faq,salary_rights,"Question: Quel est le salaire moyen pour un account executive à Tlemcen ? Answer: Le salaire d'un account executive à Tlemcen varie selon l'expérience. Avec 15+ years, la fourchette se situe entre 45 000 et 120 000 DZD.",Quel est le salaire moyen pour un account executive à Tlemcen ?,"Le salaire d'un account executive à Tlemcen varie selon l'expérience. Avec 15+ years, la fourchette se situe entre 45 000 et 120 000 DZD.","['Tlemcen', 'account executive', 'search engine algorithms and ranking factors keyword research and analysis on-page and off-page seo optimization seo tools (e.g., google analytics, semrush) seo content strategy', 'salary_rights']",Tlemcen,account executive
CHK_00162,faq,salary_rights,"Question: Quel est le salaire moyen pour un event planner à Constantine ? Answer: Le salaire d'un event planner à Constantine varie selon l'expérience. Avec 1-2 years, la fourchette se situe entre 45 000 et 120 000 DZD.",Quel est le salaire moyen pour un event planner à Constantine ?,"Le salaire d'un event planner à Constantine varie selon l'expérience. Avec 1-2 years, la fourchette se situe entre 45 000 et 120 000 DZD.","['Constantine', 'event planner', 'writing skills content creation seo knowledge research skills grammar and proofreading', 'salary_rights']",Constantine,event planner
CHK_00163,faq,salary_rights,"Question: Le SNMG s'applique-t-il aux contrats CDD ? Answer: Oui, le SNMG (20 000 DZD) s'applique à tous les contrats CDD. En cas de non-respect, signalez à l'Inspection du Travail.",Le SNMG s'applique-t-il aux contrats CDD ?,"Oui, le SNMG (20 000 DZD) s'applique à tous les contrats CDD. En cas de non-respect, signalez à l'Inspection du Travail.","['Béjaïa', 'social media coordinator', 'search engine algorithms and ranking factors keyword research and analysis on-page and off-page seo optimization seo tools (e.g., google analytics, semrush) seo content strategy', 'salary_rights']",Béjaïa,social media coordinator
CHK_00164,faq,salary_rights,"Question: Mes compétences en quality control processes and methodologies statistical process control (spc) root cause analysis and corrective action quality management systems (e.g., iso 9001) compliance and regulatory knowledge justifient-elles un salaire supérieur au SNMG ? Answer: Les compétences spécialisées comme quality control processes and methodologies statistical process control (spc) root cause analysis and corrective action quality management systems (e.g., iso 9001) compliance and regulatory knowledge justifient généralement une rémunération supérieure au SNMG.","Mes compétences en quality control processes and methodologies statistical process control (spc) root cause analysis and corrective action quality management systems (e.g., iso 9001) compliance and regulatory knowledge justifient-elles un salaire supérieur au SNMG ?","Les compétences spécialisées comme quality control processes and methodologies statistical process control (spc) root cause analysis and corrective action quality management systems (e.g., iso 9001) compliance and regulatory knowledge justifient généralement une rémunération supérieure au SNMG.","['Oran', 'social media coordinator', 'quality control processes and methodologies statistical process control (spc) root cause analysis and corrective action quality management systems (e.g., iso 9001) compliance and regulatory knowledge', 'salary_rights']",Oran,social media coordinator
CHK_00165,faq,salary_rights,"Question: Quel est le salaire moyen pour un technical writer à Ghardaïa ? Answer: Le salaire d'un technical writer à Ghardaïa varie selon l'expérience. Avec 0-1 years, la fourchette se situe entre 45 000 et 120 000 DZD.",Quel est le salaire moyen pour un technical writer à Ghardaïa ?,"Le salaire d'un technical writer à Ghardaïa varie selon l'expérience. Avec 0-1 years, la fourchette se situe entre 45 000 et 120 000 DZD.","['Ghardaïa', 'technical writer', 'sustainability consulting sustainability assessments sustainable practices green building standards environmental policies client communication', 'salary_rights']",Ghardaïa,technical writer
CHK_00166,faq,salary_rights,Question: Mes compétences en sales leadership team management sales strategy and planning justifient-elles un salaire supérieur au SNMG ? Answer: Les compétences spécialisées comme sales leadership team management sales strategy and planning justifient généralement une rémunération supérieure au SNMG.,Mes compétences en sales leadership team management sales strategy and planning justifient-elles un salaire supérieur au SNMG ?,Les compétences spécialisées comme sales leadership team management sales strategy and planning justifient généralement une rémunération supérieure au SNMG.,"['Adrar', 'account manager', 'sales leadership team management sales strategy and planning', 'salary_rights']",Adrar,account manager
CHK_00167,faq,salary_rights,"Question: Quel est le salaire moyen pour un research analyst à Laghouat ? Answer: Le salaire d'un research analyst à Laghouat varie selon l'expérience. Avec 1-2 years, la fourchette se situe entre 45 000 et 120 000 DZD.",Quel est le salaire moyen pour un research analyst à Laghouat ?,"Le salaire d'un research analyst à Laghouat varie selon l'expérience. Avec 1-2 years, la fourchette se situe entre 45 000 et 120 000 DZD.","['Laghouat', 'research analyst', 'data architecture design database management systems data modeling', 'salary_rights']",Laghouat,research analyst
CHK_00168,faq,salary_rights,Question: Mes compétences en writing skills content creation seo knowledge research skills grammar and proofreading justifient-elles un salaire supérieur au SNMG ? Answer: Les compétences spécialisées comme writing skills content creation seo knowledge research skills grammar and proofreading justifient généralement une rémunération supérieure au SNMG.,Mes compétences en writing skills content creation seo knowledge research skills grammar and proofreading justifient-elles un salaire supérieur au SNMG ?,Les compétences spécialisées comme writing skills content creation seo knowledge research skills grammar and proofreading justifient généralement une rémunération supérieure au SNMG.,"['Batna', 'investment analyst', 'writing skills content creation seo knowledge research skills grammar and proofreading', 'salary_rights']",Batna,investment analyst
CHK_00169,faq,salary_rights,"Question: Quel est le salaire moyen pour un architectural designer à El Oued ? Answer: Le salaire d'un architectural designer à El Oued varie selon l'expérience. Avec 2-4 years, la fourchette se situe entre 45 000 et 120 000 DZD.",Quel est le salaire moyen pour un architectural designer à El Oued ?,"Le salaire d'un architectural designer à El Oued varie selon l'expérience. Avec 2-4 years, la fourchette se situe entre 45 000 et 120 000 DZD.","['El Oued', 'architectural designer', 'counseling techniques psychotherapy mental health assessment treatment planning crisis intervention ethical standards empathy and active listening cultural competence documentation communication skills self-care licensing and certification', 'salary_rights']",El Oued,architectural designer
CHK_00170,faq,salary_rights,"Question: Le SNMG s'applique-t-il aux contrats CPE ? Answer: Oui, le SNMG (20 000 DZD) s'applique à tous les contrats CPE. En cas de non-respect, signalez à l'Inspection du Travail.",Le SNMG s'applique-t-il aux contrats CPE ?,"Oui, le SNMG (20 000 DZD) s'applique à tous les contrats CPE. En cas de non-respect, signalez à l'Inspection du Travail.","['El Oued', 'procurement specialist', 'mechanical engineering cad software (e.g., solidworks, autocad) finite element analysis product development prototyping', 'salary_rights']",El Oued,procurement specialist
CHK_00171,faq,salary_rights,"Question: Mes compétences en mobile app development languages (e.g., java, swift, kotlin) cross-platform development (e.g., react native, flutter) mobile app design principles apis and web services integration debugging and troubleshooting justifient-elles un salaire supérieur au SNMG ? Answer: Les compétences spécialisées comme mobile app development languages (e.g., java, swift, kotlin) cross-platform development (e.g., react native, flutter) mobile app design principles apis and web services integration debugging and troubleshooting justifient généralement une rémunération supérieure au SNMG.","Mes compétences en mobile app development languages (e.g., java, swift, kotlin) cross-platform development (e.g., react native, flutter) mobile app design principles apis and web services integration debugging and troubleshooting justifient-elles un salaire supérieur au SNMG ?","Les compétences spécialisées comme mobile app development languages (e.g., java, swift, kotlin) cross-platform development (e.g., react native, flutter) mobile app design principles apis and web services integration debugging and troubleshooting justifient généralement une rémunération supérieure au SNMG.","['Skikda', 'environmental engineer', 'mobile app development languages (e.g., java, swift, kotlin) cross-platform development (e.g., react native, flutter) mobile app design principles apis and web services integration debugging and troubleshooting', 'salary_rights']",Skikda,environmental engineer
CHK_00172,faq,salary_rights,"Question: Quel est le salaire moyen pour un event planner à Tamanrasset ? Answer: Le salaire d'un event planner à Tamanrasset varie selon l'expérience. Avec 0-1 years, la fourchette se situe entre 45 000 et 120 000 DZD.",Quel est le salaire moyen pour un event planner à Tamanrasset ?,"Le salaire d'un event planner à Tamanrasset varie selon l'expérience. Avec 0-1 years, la fourchette se situe entre 45 000 et 120 000 DZD.","['Tamanrasset', 'event planner', 'desktop hardware and software troubleshooting operating system expertise (e.g., windows, macos) remote desktop support hardware and software upgrades customer service skills', 'salary_rights']",Tamanrasset,event planner
CHK_00173,faq,salary_rights,Question: Mes compétences en family law divorce proceedings child custody mediation legal counseling court representation justifient-elles un salaire supérieur au SNMG ? Answer: Les compétences spécialisées comme family law divorce proceedings child custody mediation legal counseling court representation justifient généralement une rémunération supérieure au SNMG.,Mes compétences en family law divorce proceedings child custody mediation legal counseling court representation justifient-elles un salaire supérieur au SNMG ?,Les compétences spécialisées comme family law divorce proceedings child custody mediation legal counseling court representation justifient généralement une rémunération supérieure au SNMG.,"['Béjaïa', 'customer service representative', 'family law divorce proceedings child custody mediation legal counseling court representation', 'salary_rights']",Béjaïa,customer service representative
CHK_00174,faq,salary_rights,"Question: Quel est le salaire moyen pour un network administrator à Tizi Ouzou ? Answer: Le salaire d'un network administrator à Tizi Ouzou varie selon l'expérience. Avec 9-12 years, la fourchette se situe entre 45 000 et 120 000 DZD.",Quel est le salaire moyen pour un network administrator à Tizi Ouzou ?,"Le salaire d'un network administrator à Tizi Ouzou varie selon l'expérience. Avec 9-12 years, la fourchette se situe entre 45 000 et 120 000 DZD.","['Tizi Ouzou', 'network administrator', 'acute care nursing emergency medicine critical care diagnostic tests treatment planning', 'salary_rights']",Tizi Ouzou,network administrator
CHK_00175,faq,salary_rights,"Question: Le SNMG s'applique-t-il aux contrats temps partiel ? Answer: Oui, le SNMG (20 000 DZD) s'applique à tous les contrats temps partiel. En cas de non-respect, signalez à l'Inspection du Travail.",Le SNMG s'applique-t-il aux contrats temps partiel ?,"Oui, le SNMG (20 000 DZD) s'applique à tous les contrats temps partiel. En cas de non-respect, signalez à l'Inspection du Travail.","['Tipaza', 'event coordinator', 'financial analysis data analysis financial modeling', 'salary_rights']",Tipaza,event coordinator
CHK_00176,faq,salary_rights,Question: Mes compétences en talent sourcing interviewing onboarding recruitment strategies hr software justifient-elles un salaire supérieur au SNMG ? Answer: Les compétences spécialisées comme talent sourcing interviewing onboarding recruitment strategies hr software justifient généralement une rémunération supérieure au SNMG.,Mes compétences en talent sourcing interviewing onboarding recruitment strategies hr software justifient-elles un salaire supérieur au SNMG ?,Les compétences spécialisées comme talent sourcing interviewing onboarding recruitment strategies hr software justifient généralement une rémunération supérieure au SNMG.,"['Chlef', 'structural engineer', 'talent sourcing interviewing onboarding recruitment strategies hr software', 'salary_rights']",Chlef,structural engineer
CHK_00177,faq,salary_rights,"Question: Quel est le salaire moyen pour un key account manager à Relizane ? Answer: Le salaire d'un key account manager à Relizane varie selon l'expérience. Avec 4-6 years, la fourchette se situe entre 45 000 et 120 000 DZD.",Quel est le salaire moyen pour un key account manager à Relizane ?,"Le salaire d'un key account manager à Relizane varie selon l'expérience. Avec 4-6 years, la fourchette se situe entre 45 000 et 120 000 DZD.","['Relizane', 'key account manager', 'human resources recruitment employee onboarding hris (hr information systems) record keeping communication skills', 'salary_rights']",Relizane,key account manager
CHK_00178,faq,salary_rights,Question: Mes compétences en inventory management stock control demand forecasting inventory tracking systems supply chain coordination problem-solving skills justifient-elles un salaire supérieur au SNMG ? Answer: Les compétences spécialisées comme inventory management stock control demand forecasting inventory tracking systems supply chain coordination problem-solving skills justifient généralement une rémunération supérieure au SNMG.,Mes compétences en inventory management stock control demand forecasting inventory tracking systems supply chain coordination problem-solving skills justifient-elles un salaire supérieur au SNMG ?,Les compétences spécialisées comme inventory management stock control demand forecasting inventory tracking systems supply chain coordination problem-solving skills justifient généralement une rémunération supérieure au SNMG.,"['Annaba', 'java developer', 'inventory management stock control demand forecasting inventory tracking systems supply chain coordination problem-solving skills', 'salary_rights']",Annaba,java developer
CHK_00179,faq,salary_rights,"Question: Quel est le salaire moyen pour un network engineer à Annaba ? Answer: Le salaire d'un network engineer à Annaba varie selon l'expérience. Avec 12-15 years, la fourchette se situe entre 45 000 et 120 000 DZD.",Quel est le salaire moyen pour un network engineer à Annaba ?,"Le salaire d'un network engineer à Annaba varie selon l'expérience. Avec 12-15 years, la fourchette se situe entre 45 000 et 120 000 DZD.","['Annaba', 'network engineer', 'nursing care patient assessment medical knowledge', 'salary_rights']",Annaba,network engineer
CHK_00180,faq,training,"Question: Quelles formations sont disponibles pour améliorer mes compétences en interaction design principles user behavior and psychology wireframing and prototyping tools animation and micro-interaction design collaborative design processes ? Answer: L'ANEM via l'INFP propose des formations en interaction design principles user behavior and psychology wireframing and prototyping tools animation and micro-interaction design collaborative design processes, gratuites pour les demandeurs d'emploi inscrits. Durée: 3 à 6 mois.",Quelles formations sont disponibles pour améliorer mes compétences en interaction design principles user behavior and psychology wireframing and prototyping tools animation and micro-interaction design collaborative design processes ?,"L'ANEM via l'INFP propose des formations en interaction design principles user behavior and psychology wireframing and prototyping tools animation and micro-interaction design collaborative design processes, gratuites pour les demandeurs d'emploi inscrits. Durée: 3 à 6 mois.","['Chlef', 'digital marketing specialist', 'interaction design principles user behavior and psychology wireframing and prototyping tools animation and micro-interaction design collaborative design processes', 'training']",Chlef,digital marketing specialist
CHK_00181,faq,training,"Question: Comment passer d'un DUT à une formation plus spécialisée via l'ANEM ? Answer: Avec un DUT, vous pouvez accéder aux formations INFP de perfectionnement. Des formations courtes certifiantes sont disponibles en counseling techniques psychotherapy mental health assessment treatment planning crisis intervention ethical standards empathy and active listening cultural competence documentation communication skills self-care licensing and certification.",Comment passer d'un DUT à une formation plus spécialisée via l'ANEM ?,"Avec un DUT, vous pouvez accéder aux formations INFP de perfectionnement. Des formations courtes certifiantes sont disponibles en counseling techniques psychotherapy mental health assessment treatment planning crisis intervention ethical standards empathy and active listening cultural competence documentation communication skills self-care licensing and certification.","['Béjaïa', 'interior designer', 'counseling techniques psychotherapy mental health assessment treatment planning crisis intervention ethical standards empathy and active listening cultural competence documentation communication skills self-care licensing and certification', 'training']",Béjaïa,interior designer
CHK_00182,faq,training,"Question: Y a-t-il des formations en ligne disponibles via l'ANEM à Tizi Ouzou ? Answer: Certaines formations en backend development restful apis database integration java ee (enterprise edition) performance optimization version control (e.g., git) sont disponibles en e-learning sur anem.dz. La majorité des certifiantes nécessite encore une présence physique.",Y a-t-il des formations en ligne disponibles via l'ANEM à Tizi Ouzou ?,"Certaines formations en backend development restful apis database integration java ee (enterprise edition) performance optimization version control (e.g., git) sont disponibles en e-learning sur anem.dz. La majorité des certifiantes nécessite encore une présence physique.","['Tizi Ouzou', 'sales representative', 'backend development restful apis database integration java ee (enterprise edition) performance optimization version control (e.g., git)', 'training']",Tizi Ouzou,sales representative
CHK_00183,faq,training,"Question: Quelles formations sont disponibles pour améliorer mes compétences en human resources recruitment employee onboarding hris (hr information systems) record keeping communication skills ? Answer: L'ANEM via l'INFP propose des formations en human resources recruitment employee onboarding hris (hr information systems) record keeping communication skills, gratuites pour les demandeurs d'emploi inscrits. Durée: 3 à 6 mois.",Quelles formations sont disponibles pour améliorer mes compétences en human resources recruitment employee onboarding hris (hr information systems) record keeping communication skills ?,"L'ANEM via l'INFP propose des formations en human resources recruitment employee onboarding hris (hr information systems) record keeping communication skills, gratuites pour les demandeurs d'emploi inscrits. Durée: 3 à 6 mois.","['Algiers', 'it manager', 'human resources recruitment employee onboarding hris (hr information systems) record keeping communication skills', 'training']",Algiers,it manager
CHK_00184,faq,training,"Question: Comment passer d'un ingéniorat à une formation plus spécialisée via l'ANEM ? Answer: Avec un ingéniorat, vous pouvez accéder aux formations INFP de perfectionnement. Des formations courtes certifiantes sont disponibles en data analysis and visualization tools (e.g., tableau, power bi) sql and database querying business intelligence concepts data modeling and reporting strong analytical and problem-solving skills data-driven decision-making.",Comment passer d'un ingéniorat à une formation plus spécialisée via l'ANEM ?,"Avec un ingéniorat, vous pouvez accéder aux formations INFP de perfectionnement. Des formations courtes certifiantes sont disponibles en data analysis and visualization tools (e.g., tableau, power bi) sql and database querying business intelligence concepts data modeling and reporting strong analytical and problem-solving skills data-driven decision-making.","['Ghardaïa', 'nurse manager', 'data analysis and visualization tools (e.g., tableau, power bi) sql and database querying business intelligence concepts data modeling and reporting strong analytical and problem-solving skills data-driven decision-making', 'training']",Ghardaïa,nurse manager
CHK_00185,faq,training,"Question: Y a-t-il des formations en ligne disponibles via l'ANEM à Tamanrasset ? Answer: Certaines formations en desktop hardware and software troubleshooting operating system expertise (e.g., windows, macos) remote desktop support hardware and software upgrades customer service skills sont disponibles en e-learning sur anem.dz. La majorité des certifiantes nécessite encore une présence physique.",Y a-t-il des formations en ligne disponibles via l'ANEM à Tamanrasset ?,"Certaines formations en desktop hardware and software troubleshooting operating system expertise (e.g., windows, macos) remote desktop support hardware and software upgrades customer service skills sont disponibles en e-learning sur anem.dz. La majorité des certifiantes nécessite encore une présence physique.","['Tamanrasset', 'back-end developer', 'desktop hardware and software troubleshooting operating system expertise (e.g., windows, macos) remote desktop support hardware and software upgrades customer service skills', 'training']",Tamanrasset,back-end developer
CHK_00186,faq,training,"Question: Quelles formations sont disponibles pour améliorer mes compétences en account management sales strategy negotiation and closing skills ? Answer: L'ANEM via l'INFP propose des formations en account management sales strategy negotiation and closing skills, gratuites pour les demandeurs d'emploi inscrits. Durée: 3 à 6 mois.",Quelles formations sont disponibles pour améliorer mes compétences en account management sales strategy negotiation and closing skills ?,"L'ANEM via l'INFP propose des formations en account management sales strategy negotiation and closing skills, gratuites pour les demandeurs d'emploi inscrits. Durée: 3 à 6 mois.","['Annaba', 'ui developer', 'account management sales strategy negotiation and closing skills', 'training']",Annaba,ui developer
CHK_00187,faq,training,Question: Y a-t-il des formations en ligne disponibles via l'ANEM à Sétif ? Answer: Certaines formations en sales strategies and tactics account management relationship building sales forecasting industry and product knowledge sont disponibles en e-learning sur anem.dz. La majorité des certifiantes nécessite encore une présence physique.,Y a-t-il des formations en ligne disponibles via l'ANEM à Sétif ?,Certaines formations en sales strategies and tactics account management relationship building sales forecasting industry and product knowledge sont disponibles en e-learning sur anem.dz. La majorité des certifiantes nécessite encore une présence physique.,"['Sétif', 'software developer', 'sales strategies and tactics account management relationship building sales forecasting industry and product knowledge', 'training']",Sétif,software developer
CHK_00188,faq,training,"Question: Quelles formations sont disponibles pour améliorer mes compétences en product branding and marketing product lifecycle management cross-functional team collaboration product launch planning market segmentation and targeting ? Answer: L'ANEM via l'INFP propose des formations en product branding and marketing product lifecycle management cross-functional team collaboration product launch planning market segmentation and targeting, gratuites pour les demandeurs d'emploi inscrits. Durée: 3 à 6 mois.",Quelles formations sont disponibles pour améliorer mes compétences en product branding and marketing product lifecycle management cross-functional team collaboration product launch planning market segmentation and targeting ?,"L'ANEM via l'INFP propose des formations en product branding and marketing product lifecycle management cross-functional team collaboration product launch planning market segmentation and targeting, gratuites pour les demandeurs d'emploi inscrits. Durée: 3 à 6 mois.","['Constantine', 'process engineer', 'product branding and marketing product lifecycle management cross-functional team collaboration product launch planning market segmentation and targeting', 'training']",Constantine,process engineer
CHK_00189,faq,training,Question: Y a-t-il des formations en ligne disponibles via l'ANEM à Tindouf ? Answer: Certaines formations en wedding planning vendor coordination event management sont disponibles en e-learning sur anem.dz. La majorité des certifiantes nécessite encore une présence physique.,Y a-t-il des formations en ligne disponibles via l'ANEM à Tindouf ?,Certaines formations en wedding planning vendor coordination event management sont disponibles en e-learning sur anem.dz. La majorité des certifiantes nécessite encore une présence physique.,"['Tindouf', 'social media manager', 'wedding planning vendor coordination event management', 'training']",Tindouf,social media manager
CHK_00190,faq,training,"Question: Quelles formations sont disponibles pour améliorer mes compétences en wedding planning vendor coordination event management ? Answer: L'ANEM via l'INFP propose des formations en wedding planning vendor coordination event management, gratuites pour les demandeurs d'emploi inscrits. Durée: 3 à 6 mois.",Quelles formations sont disponibles pour améliorer mes compétences en wedding planning vendor coordination event management ?,"L'ANEM via l'INFP propose des formations en wedding planning vendor coordination event management, gratuites pour les demandeurs d'emploi inscrits. Durée: 3 à 6 mois.","['Tlemcen', 'interior designer', 'wedding planning vendor coordination event management', 'training']",Tlemcen,interior designer
CHK_00191,faq,training,"Question: Comment passer d'un BTS à une formation plus spécialisée via l'ANEM ? Answer: Avec un BTS, vous pouvez accéder aux formations INFP de perfectionnement. Des formations courtes certifiantes sont disponibles en test automation tools (e.g., selenium, appium) scripting languages (e.g., python, java) test framework development continuous integration tools test data management.",Comment passer d'un BTS à une formation plus spécialisée via l'ANEM ?,"Avec un BTS, vous pouvez accéder aux formations INFP de perfectionnement. Des formations courtes certifiantes sont disponibles en test automation tools (e.g., selenium, appium) scripting languages (e.g., python, java) test framework development continuous integration tools test data management.","['Algiers', 'java developer', 'test automation tools (e.g., selenium, appium) scripting languages (e.g., python, java) test framework development continuous integration tools test data management', 'training']",Algiers,java developer
CHK_00192,faq,training,Question: Y a-t-il des formations en ligne disponibles via l'ANEM à Skikda ? Answer: Certaines formations en content strategy content planning seo optimization content marketing analytics sont disponibles en e-learning sur anem.dz. La majorité des certifiantes nécessite encore une présence physique.,Y a-t-il des formations en ligne disponibles via l'ANEM à Skikda ?,Certaines formations en content strategy content planning seo optimization content marketing analytics sont disponibles en e-learning sur anem.dz. La majorité des certifiantes nécessite encore une présence physique.,"['Skikda', 'project manager', 'content strategy content planning seo optimization content marketing analytics', 'training']",Skikda,project manager
CHK_00193,faq,training,"Question: Quelles formations sont disponibles pour améliorer mes compétences en art education curriculum program development teacher training communication skills artistic expertise ? Answer: L'ANEM via l'INFP propose des formations en art education curriculum program development teacher training communication skills artistic expertise, gratuites pour les demandeurs d'emploi inscrits. Durée: 3 à 6 mois.",Quelles formations sont disponibles pour améliorer mes compétences en art education curriculum program development teacher training communication skills artistic expertise ?,"L'ANEM via l'INFP propose des formations en art education curriculum program development teacher training communication skills artistic expertise, gratuites pour les demandeurs d'emploi inscrits. Durée: 3 à 6 mois.","['Chlef', 'mechanical engineer', 'art education curriculum program development teacher training communication skills artistic expertise', 'training']",Chlef,mechanical engineer
CHK_00194,faq,training,"Question: Comment passer d'un licence à une formation plus spécialisée via l'ANEM ? Answer: Avec un licence, vous pouvez accéder aux formations INFP de perfectionnement. Des formations courtes certifiantes sont disponibles en front-end web development html, css, javascript responsive design web performance optimization cross-browser compatibility.",Comment passer d'un licence à une formation plus spécialisée via l'ANEM ?,"Avec un licence, vous pouvez accéder aux formations INFP de perfectionnement. Des formations courtes certifiantes sont disponibles en front-end web development html, css, javascript responsive design web performance optimization cross-browser compatibility.","['Tlemcen', 'procurement specialist', 'front-end web development html, css, javascript responsive design web performance optimization cross-browser compatibility', 'training']",Tlemcen,procurement specialist
CHK_00195,faq,training,Question: Y a-t-il des formations en ligne disponibles via l'ANEM à Algiers ? Answer: Certaines formations en sustainability consulting sustainability assessments sustainable practices green building standards environmental policies client communication sont disponibles en e-learning sur anem.dz. La majorité des certifiantes nécessite encore une présence physique.,Y a-t-il des formations en ligne disponibles via l'ANEM à Algiers ?,Certaines formations en sustainability consulting sustainability assessments sustainable practices green building standards environmental policies client communication sont disponibles en e-learning sur anem.dz. La majorité des certifiantes nécessite encore une présence physique.,"['Algiers', 'it manager', 'sustainability consulting sustainability assessments sustainable practices green building standards environmental policies client communication', 'training']",Algiers,it manager
CHK_00196,faq,training,"Question: Quelles formations sont disponibles pour améliorer mes compétences en event planning vendor coordination budget management marketing and promotion logistics ? Answer: L'ANEM via l'INFP propose des formations en event planning vendor coordination budget management marketing and promotion logistics, gratuites pour les demandeurs d'emploi inscrits. Durée: 3 à 6 mois.",Quelles formations sont disponibles pour améliorer mes compétences en event planning vendor coordination budget management marketing and promotion logistics ?,"L'ANEM via l'INFP propose des formations en event planning vendor coordination budget management marketing and promotion logistics, gratuites pour les demandeurs d'emploi inscrits. Durée: 3 à 6 mois.","['Laghouat', 'sales consultant', 'event planning vendor coordination budget management marketing and promotion logistics', 'training']",Laghouat,sales consultant
CHK_00197,faq,training,"Question: Comment passer d'un doctorat à une formation plus spécialisée via l'ANEM ? Answer: Avec un doctorat, vous pouvez accéder aux formations INFP de perfectionnement. Des formations courtes certifiantes sont disponibles en demand forecasting inventory management data analysis sales and operations planning (s&op) erp software proficiency.",Comment passer d'un doctorat à une formation plus spécialisée via l'ANEM ?,"Avec un doctorat, vous pouvez accéder aux formations INFP de perfectionnement. Des formations courtes certifiantes sont disponibles en demand forecasting inventory management data analysis sales and operations planning (s&op) erp software proficiency.","['Skikda', 'hr generalist', 'demand forecasting inventory management data analysis sales and operations planning (s&op) erp software proficiency', 'training']",Skikda,hr generalist
CHK_00198,faq,training,Question: Y a-t-il des formations en ligne disponibles via l'ANEM à Batna ? Answer: Certaines formations en instructional design elearning tools curriculum development multimedia design learning theory knowledge sont disponibles en e-learning sur anem.dz. La majorité des certifiantes nécessite encore une présence physique.,Y a-t-il des formations en ligne disponibles via l'ANEM à Batna ?,Certaines formations en instructional design elearning tools curriculum development multimedia design learning theory knowledge sont disponibles en e-learning sur anem.dz. La majorité des certifiantes nécessite encore une présence physique.,"['Batna', 'software engineer', 'instructional design elearning tools curriculum development multimedia design learning theory knowledge', 'training']",Batna,software engineer
CHK_00199,faq,training,Question: Y a-t-il des formations en ligne disponibles via l'ANEM à Adrar ? Answer: Certaines formations en family counseling marriage and family therapy conflict resolution skills sont disponibles en e-learning sur anem.dz. La majorité des certifiantes nécessite encore une présence physique.,Y a-t-il des formations en ligne disponibles via l'ANEM à Adrar ?,Certaines formations en family counseling marriage and family therapy conflict resolution skills sont disponibles en e-learning sur anem.dz. La majorité des certifiantes nécessite encore une présence physique.,"['Adrar', 'ux/ui designer', 'family counseling marriage and family therapy conflict resolution skills', 'training']",Adrar,ux/ui designer
CHK_00200,faq,training,"Question: Quelles formations sont disponibles pour améliorer mes compétences en key account management sales strategy development negotiation and closing skills relationship building industry and market knowledge ? Answer: L'ANEM via l'INFP propose des formations en key account management sales strategy development negotiation and closing skills relationship building industry and market knowledge, gratuites pour les demandeurs d'emploi inscrits. Durée: 3 à 6 mois.",Quelles formations sont disponibles pour améliorer mes compétences en key account management sales strategy development negotiation and closing skills relationship building industry and market knowledge ?,"L'ANEM via l'INFP propose des formations en key account management sales strategy development negotiation and closing skills relationship building industry and market knowledge, gratuites pour les demandeurs d'emploi inscrits. Durée: 3 à 6 mois.","['Tamanrasset', 'event manager', 'key account management sales strategy development negotiation and closing skills relationship building industry and market knowledge', 'training']",Tamanrasset,event manager
CHK_00201,faq,training,"Question: Quelles formations sont disponibles pour améliorer mes compétences en network security protocols intrusion detection and prevention security incident response firewall administration vulnerability assessment security policies and procedures log analysis ethical hacking problem-solving communication skills attention to detail ? Answer: L'ANEM via l'INFP propose des formations en network security protocols intrusion detection and prevention security incident response firewall administration vulnerability assessment security policies and procedures log analysis ethical hacking problem-solving communication skills attention to detail, gratuites pour les demandeurs d'emploi inscrits. Durée: 3 à 6 mois.",Quelles formations sont disponibles pour améliorer mes compétences en network security protocols intrusion detection and prevention security incident response firewall administration vulnerability assessment security policies and procedures log analysis ethical hacking problem-solving communication skills attention to detail ?,"L'ANEM via l'INFP propose des formations en network security protocols intrusion detection and prevention security incident response firewall administration vulnerability assessment security policies and procedures log analysis ethical hacking problem-solving communication skills attention to detail, gratuites pour les demandeurs d'emploi inscrits. Durée: 3 à 6 mois.","['El Oued', 'electrical engineer', 'network security protocols intrusion detection and prevention security incident response firewall administration vulnerability assessment security policies and procedures log analysis ethical hacking problem-solving communication skills attention to detail', 'training']",El Oued,electrical engineer
CHK_00202,faq,training,"Question: Quelles formations sont disponibles pour améliorer mes compétences en procurement strategies supplier management negotiation cost analysis supply chain management ? Answer: L'ANEM via l'INFP propose des formations en procurement strategies supplier management negotiation cost analysis supply chain management, gratuites pour les demandeurs d'emploi inscrits. Durée: 3 à 6 mois.",Quelles formations sont disponibles pour améliorer mes compétences en procurement strategies supplier management negotiation cost analysis supply chain management ?,"L'ANEM via l'INFP propose des formations en procurement strategies supplier management negotiation cost analysis supply chain management, gratuites pour les demandeurs d'emploi inscrits. Durée: 3 à 6 mois.","['Chlef', 'systems administrator', 'procurement strategies supplier management negotiation cost analysis supply chain management', 'training']",Chlef,systems administrator
CHK_00203,faq,training,Question: Y a-t-il des formations en ligne disponibles via l'ANEM à Annaba ? Answer: Certaines formations en performance testing load testing stress testing test scenarios performance monitoring benchmarking performance analysis sont disponibles en e-learning sur anem.dz. La majorité des certifiantes nécessite encore une présence physique.,Y a-t-il des formations en ligne disponibles via l'ANEM à Annaba ?,Certaines formations en performance testing load testing stress testing test scenarios performance monitoring benchmarking performance analysis sont disponibles en e-learning sur anem.dz. La majorité des certifiantes nécessite encore une présence physique.,"['Annaba', 'chemical analyst', 'performance testing load testing stress testing test scenarios performance monitoring benchmarking performance analysis', 'training']",Annaba,chemical analyst
CHK_00204,faq,training,"Question: Quelles formations sont disponibles pour améliorer mes compétences en school social work principles student assessment and intervention special education laws individualized education plans (ieps) crisis management collaboration with educators family engagement advocacy empathy and communication documentation cultural competence licensing and certification ? Answer: L'ANEM via l'INFP propose des formations en school social work principles student assessment and intervention special education laws individualized education plans (ieps) crisis management collaboration with educators family engagement advocacy empathy and communication documentation cultural competence licensing and certification, gratuites pour les demandeurs d'emploi inscrits. Durée: 3 à 6 mois.",Quelles formations sont disponibles pour améliorer mes compétences en school social work principles student assessment and intervention special education laws individualized education plans (ieps) crisis management collaboration with educators family engagement advocacy empathy and communication documentation cultural competence licensing and certification ?,"L'ANEM via l'INFP propose des formations en school social work principles student assessment and intervention special education laws individualized education plans (ieps) crisis management collaboration with educators family engagement advocacy empathy and communication documentation cultural competence licensing and certification, gratuites pour les demandeurs d'emploi inscrits. Durée: 3 à 6 mois.","['Adrar', 'back-end developer', 'school social work principles student assessment and intervention special education laws individualized education plans (ieps) crisis management collaboration with educators family engagement advocacy empathy and communication documentation cultural competence licensing and certification', 'training']",Adrar,back-end developer
CHK_00205,faq,training,"Question: Quelles formations sont disponibles pour améliorer mes compétences en proficiency in one or more backend programming languages (e.g., java, python, node.js, ruby) api development database management (sql or nosql) server management and deployment security best practices knowledge of web frameworks (e.g., express, django) ? Answer: L'ANEM via l'INFP propose des formations en proficiency in one or more backend programming languages (e.g., java, python, node.js, ruby) api development database management (sql or nosql) server management and deployment security best practices knowledge of web frameworks (e.g., express, django), gratuites pour les demandeurs d'emploi inscrits. Durée: 3 à 6 mois.","Quelles formations sont disponibles pour améliorer mes compétences en proficiency in one or more backend programming languages (e.g., java, python, node.js, ruby) api development database management (sql or nosql) server management and deployment security best practices knowledge of web frameworks (e.g., express, django) ?","L'ANEM via l'INFP propose des formations en proficiency in one or more backend programming languages (e.g., java, python, node.js, ruby) api development database management (sql or nosql) server management and deployment security best practices knowledge of web frameworks (e.g., express, django), gratuites pour les demandeurs d'emploi inscrits. Durée: 3 à 6 mois.","['Tizi Ouzou', 'legal counsel', 'proficiency in one or more backend programming languages (e.g., java, python, node.js, ruby) api development database management (sql or nosql) server management and deployment security best practices knowledge of web frameworks (e.g., express, django)', 'training']",Tizi Ouzou,legal counsel
CHK_00206,faq,training,"Question: Quelles formations sont disponibles pour améliorer mes compétences en technical troubleshooting hardware and software support customer service problem-solving communication ? Answer: L'ANEM via l'INFP propose des formations en technical troubleshooting hardware and software support customer service problem-solving communication, gratuites pour les demandeurs d'emploi inscrits. Durée: 3 à 6 mois.",Quelles formations sont disponibles pour améliorer mes compétences en technical troubleshooting hardware and software support customer service problem-solving communication ?,"L'ANEM via l'INFP propose des formations en technical troubleshooting hardware and software support customer service problem-solving communication, gratuites pour les demandeurs d'emploi inscrits. Durée: 3 à 6 mois.","['Relizane', 'nurse manager', 'technical troubleshooting hardware and software support customer service problem-solving communication', 'training']",Relizane,nurse manager
CHK_00207,faq,training,"Question: Y a-t-il des formations en ligne disponibles via l'ANEM à Relizane ? Answer: Certaines formations en legal administrative tasks document management calendar and docketing transcription file organization communication with clients and courts knowledge of legal terminology attention to detail multitasking computer skills (e.g., ms office) sont disponibles en e-learning sur anem.dz. La majorité des certifiantes nécessite encore une présence physique.",Y a-t-il des formations en ligne disponibles via l'ANEM à Relizane ?,"Certaines formations en legal administrative tasks document management calendar and docketing transcription file organization communication with clients and courts knowledge of legal terminology attention to detail multitasking computer skills (e.g., ms office) sont disponibles en e-learning sur anem.dz. La majorité des certifiantes nécessite encore une présence physique.","['Relizane', 'it manager', 'legal administrative tasks document management calendar and docketing transcription file organization communication with clients and courts knowledge of legal terminology attention to detail multitasking computer skills (e.g., ms office)', 'training']",Relizane,it manager
CHK_00208,faq,training,"Question: Quelles formations sont disponibles pour améliorer mes compétences en sales strategy development territory management sales team leadership ? Answer: L'ANEM via l'INFP propose des formations en sales strategy development territory management sales team leadership, gratuites pour les demandeurs d'emploi inscrits. Durée: 3 à 6 mois.",Quelles formations sont disponibles pour améliorer mes compétences en sales strategy development territory management sales team leadership ?,"L'ANEM via l'INFP propose des formations en sales strategy development territory management sales team leadership, gratuites pour les demandeurs d'emploi inscrits. Durée: 3 à 6 mois.","['Constantine', 'front-end engineer', 'sales strategy development territory management sales team leadership', 'training']",Constantine,front-end engineer
CHK_00209,faq,training,Question: Y a-t-il des formations en ligne disponibles via l'ANEM à Ghardaïa ? Answer: Certaines formations en family law divorce proceedings child custody mediation legal counseling court representation sont disponibles en e-learning sur anem.dz. La majorité des certifiantes nécessite encore une présence physique.,Y a-t-il des formations en ligne disponibles via l'ANEM à Ghardaïa ?,Certaines formations en family law divorce proceedings child custody mediation legal counseling court representation sont disponibles en e-learning sur anem.dz. La majorité des certifiantes nécessite encore une présence physique.,"['Ghardaïa', 'tax consultant', 'family law divorce proceedings child custody mediation legal counseling court representation', 'training']",Ghardaïa,tax consultant
CHK_00210,procedure,registration,"Procedure: Procedure: First-time ANEM registration Steps: Gather required documents: national ID, proof of residence, diploma, CV, passport photo Locate your nearest ANEM agency (one per wilaya, some wilayas have multiple) Visit the agency during working hours (Sunday to Thursday, 8am to 4pm) Take a queue number at the reception desk Submit your documents to the registration officer Receive your ANEM registration number (Numéro de demandeur d'emploi) Get assigned to an employment advisor (conseiller emploi) Schedule your first advisor meeting within 2 weeks",Procedure: First-time ANEM registration,"Gather required documents: national ID, proof of residence, diploma, CV, passport photo Locate your nearest ANEM agency (one per wilaya, some wilayas have multiple) Visit the agency during working hours (Sunday to Thursday, 8am to 4pm) Take a queue number at the reception desk Submit your documents to the registration officer Receive your ANEM registration number (Numéro de demandeur d'emploi) Get assigned to an employment advisor (conseiller emploi) Schedule your first advisor meeting within 2 weeks","['National ID', 'Proof of residence', 'Diploma', 'CV', 'Passport photo']",,
CHK_00211,procedure_step,registration,"Procedure: Procedure: First-time ANEM registration Step 1: Gather required documents: national ID, proof of residence, diploma, CV, passport photo",Procedure: First-time ANEM registration - Step 1,"Gather required documents: national ID, proof of residence, diploma, CV, passport photo",[],,
CHK_00212,procedure_step,registration,"Procedure: Procedure: First-time ANEM registration Step 2: Locate your nearest ANEM agency (one per wilaya, some wilayas have multiple)",Procedure: First-time ANEM registration - Step 2,"Locate your nearest ANEM agency (one per wilaya, some wilayas have multiple)",[],,
CHK_00213,procedure_step,registration,"Procedure: Procedure: First-time ANEM registration Step 3: Visit the agency during working hours (Sunday to Thursday, 8am to 4pm)",Procedure: First-time ANEM registration - Step 3,"Visit the agency during working hours (Sunday to Thursday, 8am to 4pm)",[],,
CHK_00214,procedure_step,registration,Procedure: Procedure: First-time ANEM registration Step 4: Take a queue number at the reception desk,Procedure: First-time ANEM registration - Step 4,Take a queue number at the reception desk,[],,
CHK_00215,procedure_step,registration,Procedure: Procedure: First-time ANEM registration Step 5: Submit your documents to the registration officer,Procedure: First-time ANEM registration - Step 5,Submit your documents to the registration officer,[],,
CHK_00216,procedure_step,registration,Procedure: Procedure: First-time ANEM registration Step 6: Receive your ANEM registration number (Numéro de demandeur d'emploi),Procedure: First-time ANEM registration - Step 6,Receive your ANEM registration number (Numéro de demandeur d'emploi),[],,
CHK_00217,procedure_step,registration,Procedure: Procedure: First-time ANEM registration Step 7: Get assigned to an employment advisor (conseiller emploi),Procedure: First-time ANEM registration - Step 7,Get assigned to an employment advisor (conseiller emploi),[],,
CHK_00218,procedure_step,registration,Procedure: Procedure: First-time ANEM registration Step 8: Schedule your first advisor meeting within 2 weeks,Procedure: First-time ANEM registration - Step 8,Schedule your first advisor meeting within 2 weeks,[],,
CHK_00219,procedure,unemployment_benefits,"Procedure: Procedure: Applying for unemployment benefits (CNAC) Steps: Verify eligibility: economically laid off, 3+ years social security contributions, age 30-50 Obtain layoff certificate from former employer Collect social security contribution record from CNAS Visit your nearest CNAC office Submit application with all supporting documents Wait for eligibility assessment (15-30 days) If approved, receive monthly payment via bank transfer Renew every 6 months by visiting CNAC office and proving active job search",Procedure: Applying for unemployment benefits (CNAC),"Verify eligibility: economically laid off, 3+ years social security contributions, age 30-50 Obtain layoff certificate from former employer Collect social security contribution record from CNAS Visit your nearest CNAC office Submit application with all supporting documents Wait for eligibility assessment (15-30 days) If approved, receive monthly payment via bank transfer Renew every 6 months by visiting CNAC office and proving active job search","['Layoff certificate', 'CNAS contribution record', 'National ID', 'Bank account details']",,
CHK_00220,procedure_step,unemployment_benefits,"Procedure: Procedure: Applying for unemployment benefits (CNAC) Step 1: Verify eligibility: economically laid off, 3+ years social security contributions, age 30-50",Procedure: Applying for unemployment benefits (CNAC) - Step 1,"Verify eligibility: economically laid off, 3+ years social security contributions, age 30-50",[],,
CHK_00221,procedure_step,unemployment_benefits,Procedure: Procedure: Applying for unemployment benefits (CNAC) Step 2: Obtain layoff certificate from former employer,Procedure: Applying for unemployment benefits (CNAC) - Step 2,Obtain layoff certificate from former employer,[],,
CHK_00222,procedure_step,unemployment_benefits,Procedure: Procedure: Applying for unemployment benefits (CNAC) Step 3: Collect social security contribution record from CNAS,Procedure: Applying for unemployment benefits (CNAC) - Step 3,Collect social security contribution record from CNAS,[],,
CHK_00223,procedure_step,unemployment_benefits,Procedure: Procedure: Applying for unemployment benefits (CNAC) Step 4: Visit your nearest CNAC office,Procedure: Applying for unemployment benefits (CNAC) - Step 4,Visit your nearest CNAC office,[],,
CHK_00224,procedure_step,unemployment_benefits,Procedure: Procedure: Applying for unemployment benefits (CNAC) Step 5: Submit application with all supporting documents,Procedure: Applying for unemployment benefits (CNAC) - Step 5,Submit application with all supporting documents,[],,
CHK_00225,procedure_step,unemployment_benefits,Procedure: Procedure: Applying for unemployment benefits (CNAC) Step 6: Wait for eligibility assessment (15-30 days),Procedure: Applying for unemployment benefits (CNAC) - Step 6,Wait for eligibility assessment (15-30 days),[],,
CHK_00226,procedure_step,unemployment_benefits,"Procedure: Procedure: Applying for unemployment benefits (CNAC) Step 7: If approved, receive monthly payment via bank transfer",Procedure: Applying for unemployment benefits (CNAC) - Step 7,"If approved, receive monthly payment via bank transfer",[],,
CHK_00227,procedure_step,unemployment_benefits,Procedure: Procedure: Applying for unemployment benefits (CNAC) Step 8: Renew every 6 months by visiting CNAC office and proving active job search,Procedure: Applying for unemployment benefits (CNAC) - Step 8,Renew every 6 months by visiting CNAC office and proving active job search,[],,
CHK_00228,procedure,youth_programs,"Procedure: Procedure: Applying for CPE pre-employment contract Steps: Verify eligibility: university graduate, first-time job seeker, under 35 years old Register at ANEM if not already registered Ask your ANEM advisor about available CPE positions Submit application for positions matching your degree Attend interview with prospective employer If selected, sign CPE contract (12 months, renewable once) State pays 80% of salary, employer pays 20% At end of CPE, employer may offer permanent contract",Procedure: Applying for CPE pre-employment contract,"Verify eligibility: university graduate, first-time job seeker, under 35 years old Register at ANEM if not already registered Ask your ANEM advisor about available CPE positions Submit application for positions matching your degree Attend interview with prospective employer If selected, sign CPE contract (12 months, renewable once) State pays 80% of salary, employer pays 20% At end of CPE, employer may offer permanent contract","['University diploma', 'ANEM registration card', 'National ID', 'CV']",,
CHK_00229,procedure_step,youth_programs,"Procedure: Procedure: Applying for CPE pre-employment contract Step 1: Verify eligibility: university graduate, first-time job seeker, under 35 years old",Procedure: Applying for CPE pre-employment contract - Step 1,"Verify eligibility: university graduate, first-time job seeker, under 35 years old",[],,
CHK_00230,procedure_step,youth_programs,Procedure: Procedure: Applying for CPE pre-employment contract Step 2: Register at ANEM if not already registered,Procedure: Applying for CPE pre-employment contract - Step 2,Register at ANEM if not already registered,[],,
CHK_00231,procedure_step,youth_programs,Procedure: Procedure: Applying for CPE pre-employment contract Step 3: Ask your ANEM advisor about available CPE positions,Procedure: Applying for CPE pre-employment contract - Step 3,Ask your ANEM advisor about available CPE positions,[],,
CHK_00232,procedure_step,youth_programs,Procedure: Procedure: Applying for CPE pre-employment contract Step 4: Submit application for positions matching your degree,Procedure: Applying for CPE pre-employment contract - Step 4,Submit application for positions matching your degree,[],,
CHK_00233,procedure_step,youth_programs,Procedure: Procedure: Applying for CPE pre-employment contract Step 5: Attend interview with prospective employer,Procedure: Applying for CPE pre-employment contract - Step 5,Attend interview with prospective employer,[],,
CHK_00234,procedure_step,youth_programs,"Procedure: Procedure: Applying for CPE pre-employment contract Step 6: If selected, sign CPE contract (12 months, renewable once)",Procedure: Applying for CPE pre-employment contract - Step 6,"If selected, sign CPE contract (12 months, renewable once)",[],,
CHK_00235,procedure_step,youth_programs,"Procedure: Procedure: Applying for CPE pre-employment contract Step 7: State pays 80% of salary, employer pays 20%",Procedure: Applying for CPE pre-employment contract - Step 7,"State pays 80% of salary, employer pays 20%",[],,
CHK_00236,procedure_step,youth_programs,"Procedure: Procedure: Applying for CPE pre-employment contract Step 8: At end of CPE, employer may offer permanent contract",Procedure: Applying for CPE pre-employment contract - Step 8,"At end of CPE, employer may offer permanent contract",[],,
CHK_00237,procedure,discrimination,"Procedure: Procedure: Reporting hiring discrimination Steps: Document all evidence of discrimination (emails, rejection letters, witness statements) Note date, time, company name, and nature of discrimination Report to your ANEM advisor first for initial guidance File formal complaint with Inspection du Travail in your wilaya Inspection du Travail investigates within 30 days If confirmed, employer faces fines and legal action You may also file civil claim at Tribunal du Travail Contact Mediateur de la Republique for alternative resolution",Procedure: Reporting hiring discrimination,"Document all evidence of discrimination (emails, rejection letters, witness statements) Note date, time, company name, and nature of discrimination Report to your ANEM advisor first for initial guidance File formal complaint with Inspection du Travail in your wilaya Inspection du Travail investigates within 30 days If confirmed, employer faces fines and legal action You may also file civil claim at Tribunal du Travail Contact Mediateur de la Republique for alternative resolution","['Evidence of discrimination', 'National ID', 'ANEM registration card']",,
CHK_00238,procedure_step,discrimination,"Procedure: Procedure: Reporting hiring discrimination Step 1: Document all evidence of discrimination (emails, rejection letters, witness statements)",Procedure: Reporting hiring discrimination - Step 1,"Document all evidence of discrimination (emails, rejection letters, witness statements)",[],,
CHK_00239,procedure_step,discrimination,"Procedure: Procedure: Reporting hiring discrimination Step 2: Note date, time, company name, and nature of discrimination",Procedure: Reporting hiring discrimination - Step 2,"Note date, time, company name, and nature of discrimination",[],,
CHK_00240,procedure_step,discrimination,Procedure: Procedure: Reporting hiring discrimination Step 3: Report to your ANEM advisor first for initial guidance,Procedure: Reporting hiring discrimination - Step 3,Report to your ANEM advisor first for initial guidance,[],,
CHK_00241,procedure_step,discrimination,Procedure: Procedure: Reporting hiring discrimination Step 4: File formal complaint with Inspection du Travail in your wilaya,Procedure: Reporting hiring discrimination - Step 4,File formal complaint with Inspection du Travail in your wilaya,[],,
CHK_00242,procedure_step,discrimination,Procedure: Procedure: Reporting hiring discrimination Step 5: Inspection du Travail investigates within 30 days,Procedure: Reporting hiring discrimination - Step 5,Inspection du Travail investigates within 30 days,[],,
CHK_00243,procedure_step,discrimination,"Procedure: Procedure: Reporting hiring discrimination Step 6: If confirmed, employer faces fines and legal action",Procedure: Reporting hiring discrimination - Step 6,"If confirmed, employer faces fines and legal action",[],,
CHK_00244,procedure_step,discrimination,Procedure: Procedure: Reporting hiring discrimination Step 7: You may also file civil claim at Tribunal du Travail,Procedure: Reporting hiring discrimination - Step 7,You may also file civil claim at Tribunal du Travail,[],,
CHK_00245,procedure_step,discrimination,Procedure: Procedure: Reporting hiring discrimination Step 8: Contact Mediateur de la Republique for alternative resolution,Procedure: Reporting hiring discrimination - Step 8,Contact Mediateur de la Republique for alternative resolution,[],,
CHK_00246,procedure,employer,"Procedure: Procedure: Employer posting a job offer Steps: Register company on anem.dz or visit local ANEM agency Provide company registration documents (registre de commerce) Fill in job offer form: title, description, qualifications, salary, location ANEM validates offer within 48 hours Offer published on portal and in local agency ANEM advisors match candidates and send pre-selected CVs Employer contacts shortlisted candidates for interviews Employer notifies ANEM of final hiring decision within 15 days",Procedure: Employer posting a job offer,"Register company on anem.dz or visit local ANEM agency Provide company registration documents (registre de commerce) Fill in job offer form: title, description, qualifications, salary, location ANEM validates offer within 48 hours Offer published on portal and in local agency ANEM advisors match candidates and send pre-selected CVs Employer contacts shortlisted candidates for interviews Employer notifies ANEM of final hiring decision within 15 days","['Registre de commerce', 'Tax number NIF', 'Job description']",,
CHK_00247,procedure_step,employer,Procedure: Procedure: Employer posting a job offer Step 1: Register company on anem.dz or visit local ANEM agency,Procedure: Employer posting a job offer - Step 1,Register company on anem.dz or visit local ANEM agency,[],,
CHK_00248,procedure_step,employer,Procedure: Procedure: Employer posting a job offer Step 2: Provide company registration documents (registre de commerce),Procedure: Employer posting a job offer - Step 2,Provide company registration documents (registre de commerce),[],,
CHK_00249,procedure_step,employer,"Procedure: Procedure: Employer posting a job offer Step 3: Fill in job offer form: title, description, qualifications, salary, location",Procedure: Employer posting a job offer - Step 3,"Fill in job offer form: title, description, qualifications, salary, location",[],,
CHK_00250,procedure_step,employer,Procedure: Procedure: Employer posting a job offer Step 4: ANEM validates offer within 48 hours,Procedure: Employer posting a job offer - Step 4,ANEM validates offer within 48 hours,[],,
CHK_00251,procedure_step,employer,Procedure: Procedure: Employer posting a job offer Step 5: Offer published on portal and in local agency,Procedure: Employer posting a job offer - Step 5,Offer published on portal and in local agency,[],,
CHK_00252,procedure_step,employer,Procedure: Procedure: Employer posting a job offer Step 6: ANEM advisors match candidates and send pre-selected CVs,Procedure: Employer posting a job offer - Step 6,ANEM advisors match candidates and send pre-selected CVs,[],,
CHK_00253,procedure_step,employer,Procedure: Procedure: Employer posting a job offer Step 7: Employer contacts shortlisted candidates for interviews,Procedure: Employer posting a job offer - Step 7,Employer contacts shortlisted candidates for interviews,[],,
CHK_00254,procedure_step,employer,Procedure: Procedure: Employer posting a job offer Step 8: Employer notifies ANEM of final hiring decision within 15 days,Procedure: Employer posting a job offer - Step 8,Employer notifies ANEM of final hiring decision within 15 days,[],,
